CREATE DATABASE  IF NOT EXISTS `commodity` /*!40100 DEFAULT CHARACTER SET utf8mb4 COLLATE utf8mb4_0900_ai_ci */ /*!80016 DEFAULT ENCRYPTION='N' */;
USE `commodity`;
-- MySQL dump 10.13  Distrib 8.0.33, for Win64 (x86_64)
--
-- Host: localhost    Database: commodity
-- ------------------------------------------------------
-- Server version	8.0.33

/*!40101 SET @OLD_CHARACTER_SET_CLIENT=@@CHARACTER_SET_CLIENT */;
/*!40101 SET @OLD_CHARACTER_SET_RESULTS=@@CHARACTER_SET_RESULTS */;
/*!40101 SET @OLD_COLLATION_CONNECTION=@@COLLATION_CONNECTION */;
/*!50503 SET NAMES utf8 */;
/*!40103 SET @OLD_TIME_ZONE=@@TIME_ZONE */;
/*!40103 SET TIME_ZONE='+00:00' */;
/*!40014 SET @OLD_UNIQUE_CHECKS=@@UNIQUE_CHECKS, UNIQUE_CHECKS=0 */;
/*!40014 SET @OLD_FOREIGN_KEY_CHECKS=@@FOREIGN_KEY_CHECKS, FOREIGN_KEY_CHECKS=0 */;
/*!40101 SET @OLD_SQL_MODE=@@SQL_MODE, SQL_MODE='NO_AUTO_VALUE_ON_ZERO' */;
/*!40111 SET @OLD_SQL_NOTES=@@SQL_NOTES, SQL_NOTES=0 */;

--
-- Table structure for table `adf_results`
--

DROP TABLE IF EXISTS `adf_results`;
/*!40101 SET @saved_cs_client     = @@character_set_client */;
/*!50503 SET character_set_client = utf8mb4 */;
CREATE TABLE `adf_results` (
  `id` int NOT NULL AUTO_INCREMENT,
  `commodity_id` int DEFAULT NULL,
  `adf_statistic` float DEFAULT NULL,
  `p_value` float DEFAULT NULL,
  `critical_value_1_percent` float DEFAULT NULL,
  `critical_value_5_percent` float DEFAULT NULL,
  `critical_value_10_percent` float DEFAULT NULL,
  `is_stationary` tinyint(1) DEFAULT NULL,
  PRIMARY KEY (`id`)
) ENGINE=InnoDB AUTO_INCREMENT=1230 DEFAULT CHARSET=utf8mb4 COLLATE=utf8mb4_0900_ai_ci;
/*!40101 SET character_set_client = @saved_cs_client */;

--
-- Dumping data for table `adf_results`
--

LOCK TABLES `adf_results` WRITE;
/*!40000 ALTER TABLE `adf_results` DISABLE KEYS */;
INSERT INTO `adf_results` VALUES (1225,67,-1.25495,0.649524,-3.44714,-2.86894,-2.57071,0),(1226,68,-2.9673,0.0380632,-3.44664,-2.86872,-2.5706,1),(1227,69,-2.87598,0.048213,-3.44689,-2.86883,-2.57065,1),(1228,70,-3.18028,0.021155,-3.45121,-2.87073,-2.57167,1),(1229,71,-1.66886,0.447221,-3.44561,-2.86827,-2.57035,0);
/*!40000 ALTER TABLE `adf_results` ENABLE KEYS */;
UNLOCK TABLES;

--
-- Table structure for table `commodity_data`
--

DROP TABLE IF EXISTS `commodity_data`;
/*!40101 SET @saved_cs_client     = @@character_set_client */;
/*!50503 SET character_set_client = utf8mb4 */;
CREATE TABLE `commodity_data` (
  `id` bigint NOT NULL AUTO_INCREMENT,
  `commodity_type` varchar(255) DEFAULT NULL,
  `name` varchar(255) DEFAULT NULL,
  `interval_column` varchar(255) DEFAULT NULL,
  `unit` varchar(255) DEFAULT NULL,
  PRIMARY KEY (`id`),
  UNIQUE KEY `commodityType` (`commodity_type`)
) ENGINE=InnoDB AUTO_INCREMENT=72 DEFAULT CHARSET=utf8mb4 COLLATE=utf8mb4_0900_ai_ci;
/*!40101 SET character_set_client = @saved_cs_client */;

--
-- Dumping data for table `commodity_data`
--

LOCK TABLES `commodity_data` WRITE;
/*!40000 ALTER TABLE `commodity_data` DISABLE KEYS */;
INSERT INTO `commodity_data` VALUES (67,'COPPER','Global Price of Copper','monthly','dollar per metric ton'),(68,'ALUMINUM','Global Price of Aluminum','monthly','dollar per metric ton'),(69,'WHEAT','Global Price of Wheat','monthly','dollar per metric ton'),(70,'NATURAL_GAS','Henry Hub Natural Gas Spot Price','monthly','dollars per million BTU'),(71,'BRENT','Crude Oil Prices Brent','monthly','dollars per barrel');
/*!40000 ALTER TABLE `commodity_data` ENABLE KEYS */;
UNLOCK TABLES;

--
-- Table structure for table `data_point`
--

DROP TABLE IF EXISTS `data_point`;
/*!40101 SET @saved_cs_client     = @@character_set_client */;
/*!50503 SET character_set_client = utf8mb4 */;
CREATE TABLE `data_point` (
  `id` bigint NOT NULL AUTO_INCREMENT,
  `date` date DEFAULT NULL,
  `value_column` varchar(255) DEFAULT NULL,
  `commodity_id` bigint DEFAULT NULL,
  PRIMARY KEY (`id`),
  KEY `commodity_id` (`commodity_id`),
  CONSTRAINT `data_point_ibfk_1` FOREIGN KEY (`commodity_id`) REFERENCES `commodity_data` (`id`) ON DELETE CASCADE
) ENGINE=InnoDB AUTO_INCREMENT=109840 DEFAULT CHARSET=utf8mb4 COLLATE=utf8mb4_0900_ai_ci;
/*!40101 SET character_set_client = @saved_cs_client */;

--
-- Dumping data for table `data_point`
--

LOCK TABLES `data_point` WRITE;
/*!40000 ALTER TABLE `data_point` DISABLE KEYS */;
INSERT INTO `data_point` VALUES (107862,'2023-10-01','7941.35590909091',67),(107863,'2023-09-01','8276.71380952381',67),(107864,'2023-08-01','8347.82826086957',67),(107865,'2023-07-01','8476.67904761905',67),(107866,'2023-06-01','8396.51772727273',67),(107867,'2023-05-01','8243.15608695652',67),(107868,'2023-04-01','8809.1575',67),(107869,'2023-03-01','8856.31086956522',67),(107870,'2023-02-01','8936.587',67),(107871,'2023-01-01','9007.34636363636',67),(107872,'2022-12-01','8371.09136363636',67),(107873,'2022-11-01','8049.86136363636',67),(107874,'2022-10-01','7651.08285714286',67),(107875,'2022-09-01','7746.01136363636',67),(107876,'2022-08-01','7990.81217391304',67),(107877,'2022-07-01','7544.80952380952',67),(107878,'2022-06-01','9067.55181818182',67),(107879,'2022-05-01','9395.02727272727',67),(107880,'2022-04-01','10174.3476190476',67),(107881,'2022-03-01','10230.8939130435',67),(107882,'2022-02-01','9943.175',67),(107883,'2022-01-01','9782.3375',67),(107884,'2021-12-01','9551.18',67),(107885,'2021-11-01','9728.90454545454',67),(107886,'2021-10-01','9829.21904761905',67),(107887,'2021-09-01','9324.70954545455',67),(107888,'2021-08-01','9370.13857142857',67),(107889,'2021-07-01','9450.82045454546',67),(107890,'2021-06-01','9631.5',67),(107891,'2021-05-01','10166.285',67),(107892,'2021-04-01','9324.8175',67),(107893,'2021-03-01','8988.24782608696',67),(107894,'2021-02-01','8470.94',67),(107895,'2021-01-01','7972.1475',67),(107896,'2020-12-01','7772.2380952381',67),(107897,'2020-11-01','7068.90714285714',67),(107898,'2020-10-01','6713.81136363636',67),(107899,'2020-09-01','6704.9',67),(107900,'2020-08-01','6508.39285714286',67),(107901,'2020-07-01','6372.46086956522',67),(107902,'2020-06-01','5754.59545454546',67),(107903,'2020-05-01','5239.82631578947',67),(107904,'2020-04-01','5057.972',67),(107905,'2020-03-01','5182.63181818182',67),(107906,'2020-02-01','5687.75',67),(107907,'2020-01-01','6031.20909090909',67),(107908,'2019-12-01','6077.0625',67),(107909,'2019-11-01','5859.95238095238',67),(107910,'2019-10-01','5757.29782608696',67),(107911,'2019-09-01','5759.25',67),(107912,'2019-08-01','5709.44047619048',67),(107913,'2019-07-01','5941.19565217391',67),(107914,'2019-06-01','5882.225',67),(107915,'2019-05-01','6017.90476190476',67),(107916,'2019-04-01','6438.3625',67),(107917,'2019-03-01','6439.46428571429',67),(107918,'2019-02-01','6300.4875',67),(107919,'2019-01-01','5939.10227272727',67),(107920,'2018-12-01','6075.31578947368',67),(107921,'2018-11-01','6195.92045454546',67),(107922,'2018-10-01','6219.58695652174',67),(107923,'2018-09-01','6050.7625',67),(107924,'2018-08-01','6051.04545454546',67),(107925,'2018-07-01','6250.75',67),(107926,'2018-06-01','6965.85714285714',67),(107927,'2018-05-01','6825.27380952381',67),(107928,'2018-04-01','6851.5125',67),(107929,'2018-03-01','6799.17857142857',67),(107930,'2018-02-01','7006.525',67),(107931,'2018-01-01','7065.85227272727',67),(107932,'2017-12-01','6833.89473684211',67),(107933,'2017-11-01','6826.54545454546',67),(107934,'2017-10-01','6807.60227272727',67),(107935,'2017-09-01','6577.16666666667',67),(107936,'2017-08-01','6485.625',67),(107937,'2017-07-01','5985.11904761905',67),(107938,'2017-06-01','5719.76136363636',67),(107939,'2017-05-01','5599.55952380952',67),(107940,'2017-04-01','5683.90277777778',67),(107941,'2017-03-01','5824.63043478261',67),(107942,'2017-02-01','5940.9125',67),(107943,'2017-01-01','5754.55952380952',67),(107944,'2016-12-01','5660.35',67),(107945,'2016-11-01','5450.93181818182',67),(107946,'2016-10-01','4731.2619047619',67),(107947,'2016-09-01','4722.20454545455',67),(107948,'2016-08-01','4751.67045454546',67),(107949,'2016-07-01','4864.90476190476',67),(107950,'2016-06-01','4641.96590909091',67),(107951,'2016-05-01','4694.5375',67),(107952,'2016-04-01','4872.7380952381',67),(107953,'2016-03-01','4953.79761904762',67),(107954,'2016-02-01','4598.61904761905',67),(107955,'2016-01-01','4471.7875',67),(107956,'2015-12-01','4638.83333333333',67),(107957,'2015-11-01','4799.90476190476',67),(107958,'2015-10-01','5216.09090909091',67),(107959,'2015-09-01','5217.25',67),(107960,'2015-08-01','5127.3',67),(107961,'2015-07-01','5456.75',67),(107962,'2015-06-01','5833.01136363636',67),(107963,'2015-05-01','6294.77631578947',67),(107964,'2015-04-01','6042.0875',67),(107965,'2015-03-01','5939.67045454546',67),(107966,'2015-02-01','5729.275',67),(107967,'2015-01-01','5830.53571428571',67),(107968,'2014-12-01','6446.45238095238',67),(107969,'2014-11-01','6712.85',67),(107970,'2014-10-01','6737.47826086957',67),(107971,'2014-09-01','6872.21590909091',67),(107972,'2014-08-01','7001.8375',67),(107973,'2014-07-01','7113.38043478261',67),(107974,'2014-06-01','6821.14285714286',67),(107975,'2014-05-01','6891.125',67),(107976,'2014-04-01','6673.5625',67),(107977,'2014-03-01','6650.03571428571',67),(107978,'2014-02-01','7149.2125',67),(107979,'2014-01-01','7291.46590909091',67),(107980,'2013-12-01','7214.9',67),(107981,'2013-11-01','7070.65476190476',67),(107982,'2013-10-01','7203.02173913044',67),(107983,'2013-09-01','7159.26904761905',67),(107984,'2013-08-01','7186.25',67),(107985,'2013-07-01','6906.64130434783',67),(107986,'2013-06-01','7000.2375',67),(107987,'2013-05-01','7248.71428571429',67),(107988,'2013-04-01','7221.1619047619',67),(107989,'2013-03-01','7652.375',67),(107990,'2013-02-01','8060.925',67),(107991,'2013-01-01','8053.73863636364',67),(107992,'2012-12-01','7966.48684210526',67),(107993,'2012-11-01','7711.22727272727',67),(107994,'2012-10-01','8062.03260869565',67),(107995,'2012-09-01','8087.7425',67),(107996,'2012-08-01','7510.43181818182',67),(107997,'2012-07-01','7584.26136363636',67),(107998,'2012-06-01','7428.28947368421',67),(107999,'2012-05-01','7896.90909090909',67),(108000,'2012-04-01','8285.52631578947',67),(108001,'2012-03-01','8470.78409090909',67),(108002,'2012-02-01','8441.4880952381',67),(108003,'2012-01-01','8061.91666666667',67),(108004,'2011-12-01','7558.875',67),(108005,'2011-11-01','7581.02272727273',67),(108006,'2011-10-01','7394.19047619048',67),(108007,'2011-09-01','8300.13636363636',67),(108008,'2011-08-01','8997.98863636364',67),(108009,'2011-07-01','9650.46428571429',67),(108010,'2011-06-01','9066.85227272727',67),(108011,'2011-05-01','8931.675',67),(108012,'2011-04-01','9482.75',67),(108013,'2011-03-01','9503.35869565217',67),(108014,'2011-02-01','9880.9375',67),(108015,'2011-01-01','9533.2',67),(108016,'2010-12-01','9152.85714285714',67),(108017,'2010-11-01','8458.42045454545',67),(108018,'2010-10-01','8289.7619047619',67),(108019,'2010-09-01','7729.59090909091',67),(108020,'2010-08-01','7302.66666666667',67),(108021,'2010-07-01','6750.56818181818',67),(108022,'2010-06-01','6501.5',67),(108023,'2010-05-01','6843.15789473684',67),(108024,'2010-04-01','7729.8375',67),(108025,'2010-03-01','7466.9347826087',67),(108026,'2010-02-01','6867.675',67),(108027,'2010-01-01','7367.375',67),(108028,'2009-12-01','6976.97619047619',67),(108029,'2009-11-01','6682.44047619048',67),(108030,'2009-10-01','6305.98863636364',67),(108031,'2009-09-01','6195.75',67),(108032,'2009-08-01','6176.875',67),(108033,'2009-07-01','5228.41304347826',67),(108034,'2009-06-01','5015.43181818182',67),(108035,'2009-05-01','4591.46052631579',67),(108036,'2009-04-01','4436.925',67),(108037,'2009-03-01','3770.875',67),(108038,'2009-02-01','3328.4125',67),(108039,'2009-01-01','3260.35714285714',67),(108040,'2008-12-01','3105.09523809524',67),(108041,'2008-11-01','3729.1875',67),(108042,'2008-10-01','4894.89130434783',67),(108043,'2008-09-01','6975.11363636364',67),(108044,'2008-08-01','7633.8',67),(108045,'2008-07-01','8407.02173913043',67),(108046,'2008-06-01','8292',67),(108047,'2008-05-01','8356.125',67),(108048,'2008-04-01','8714.18181818182',67),(108049,'2008-03-01','8434.31578947368',67),(108050,'2008-02-01','7941.14285714286',67),(108051,'2008-01-01','7078.90909090909',67),(108052,'2007-12-01','6630.73611111111',67),(108053,'2007-11-01','6957.43181818182',67),(108054,'2007-10-01','8020.58695652174',67),(108055,'2007-09-01','7671.35',67),(108056,'2007-08-01','7500.20454545455',67),(108057,'2007-07-01','7980.93181818182',67),(108058,'2007-06-01','7514.2380952381',67),(108059,'2007-05-01','7677.95238095238',67),(108060,'2007-04-01','7753.34210526316',67),(108061,'2007-03-01','6465.29545454546',67),(108062,'2007-02-01','5718.15',67),(108063,'2007-01-01','5689.34090909091',67),(108064,'2006-12-01','6680.97368421053',67),(108065,'2006-11-01','7029.29545454546',67),(108066,'2006-10-01','7497.40909090909',67),(108067,'2006-09-01','7622.64285714286',67),(108068,'2006-08-01','7690.25',67),(108069,'2006-07-01','7726.7380952381',67),(108070,'2006-06-01','7222.77272727273',67),(108071,'2006-05-01','8059.19047619048',67),(108072,'2006-04-01','6404.44444444444',67),(108073,'2006-03-01','5123.67391304348',67),(108074,'2006-02-01','4974.975',67),(108075,'2006-01-01','4743.85714285714',67),(108076,'2005-12-01','4577.025',67),(108077,'2005-11-01','4278.15909090909',67),(108078,'2005-10-01','4056.16666666667',67),(108079,'2005-09-01','3850.65909090909',67),(108080,'2005-08-01','3791.90909090909',67),(108081,'2005-07-01','3608.47619047619',67),(108082,'2005-06-01','3529.72727272727',67),(108083,'2005-05-01','3241.9',67),(108084,'2005-04-01','3389.80952380952',67),(108085,'2005-03-01','3378.90476190476',67),(108086,'2005-02-01','3247.1',67),(108087,'2005-01-01','3168.1',67),(108088,'2004-12-01','3139.78571428571',67),(108089,'2004-11-01','3130.30909090909',67),(108090,'2004-10-01','3009.40476190476',67),(108091,'2004-09-01','2903.17045454545',67),(108092,'2004-08-01','2844.20238095238',67),(108093,'2004-07-01','2816.79545454545',67),(108094,'2004-06-01','2689.04545454545',67),(108095,'2004-05-01','2728.46052631579',67),(108096,'2004-04-01','2926.975',67),(108097,'2004-03-01','3000.28260869565',67),(108098,'2004-02-01','2751.7175',67),(108099,'2004-01-01','2421.47619047619',67),(108100,'2003-12-01','2202.03571428571',67),(108101,'2003-11-01','2053.275',67),(108102,'2003-10-01','1925.58260869565',67),(108103,'2003-09-01','1789.67045454545',67),(108104,'2003-08-01','1756.725',67),(108105,'2003-07-01','1712.82608695652',67),(108106,'2003-06-01','1685.10714285714',67),(108107,'2003-05-01','1651.1',67),(108108,'2003-04-01','1587.8675',67),(108109,'2003-03-01','1655.69285714286',67),(108110,'2003-02-01','1682.145',67),(108111,'2003-01-01','1650.31136363636',67),(108112,'2002-12-01','1592.96428571429',67),(108113,'2002-11-01','1581.03571428571',67),(108114,'2002-10-01','1486.17173913043',67),(108115,'2002-09-01','1478.93333333333',67),(108116,'2002-08-01','1482.91666666667',67),(108117,'2002-07-01','1588.2847826087',67),(108118,'2002-06-01','1650.59444444444',67),(108119,'2002-05-01','1597.02272727273',67),(108120,'2002-04-01','1588.57142857143',67),(108121,'2002-03-01','1607.3925',67),(108122,'2002-02-01','1561.3675',67),(108123,'2002-01-01','1508.22727272727',67),(108124,'2001-12-01','1472.84705882353',67),(108125,'2001-11-01','1434.29318181818',67),(108126,'2001-10-01','1377.37608695652',67),(108127,'2001-09-01','1427.69736842105',67),(108128,'2001-08-01','1466.41136363636',67),(108129,'2001-07-01','1526.77045454545',67),(108130,'2001-06-01','1610.46904761905',67),(108131,'2001-05-01','1684.85',67),(108132,'2001-04-01','1665.97222222222',67),(108133,'2001-03-01','1742.15909090909',67),(108134,'2001-02-01','1766.125',67),(108135,'2001-01-01','1787.05681818182',67),(108136,'2000-12-01','1852.4',67),(108137,'2000-11-01','1795.60227272727',67),(108138,'2000-10-01','1894.37272727273',67),(108139,'2000-09-01','1961.89285714286',67),(108140,'2000-08-01','1857.12391304348',67),(108141,'2000-07-01','1803.14285714286',67),(108142,'2000-06-01','1752.07272727273',67),(108143,'2000-05-01','1785.09782608696',67),(108144,'2000-04-01','1681.9075',67),(108145,'2000-03-01','1739.8',67),(108146,'2000-02-01','1807.025',67),(108147,'2000-01-01','1843.85',67),(108148,'1999-12-01','1764.88235294118',67),(108149,'1999-11-01','1726.77272727273',67),(108150,'1999-10-01','1723.28571428571',67),(108151,'1999-09-01','1749.68181818182',67),(108152,'1999-08-01','1646.7380952381',67),(108153,'1999-07-01','1639.18181818182',67),(108154,'1999-06-01','1422.15909090909',67),(108155,'1999-05-01','1510.44736842105',67),(108156,'1999-04-01','1463.725',67),(108157,'1999-03-01','1378.47727272727',67),(108158,'1999-02-01','1412.95',67),(108159,'1999-01-01','1432.00002842255',67),(108160,'1998-12-01','1475.76309447174',67),(108161,'1998-11-01','1573.72497511139',67),(108162,'1998-10-01','1585.49992534637',67),(108163,'1998-09-01','1646.77269191284',67),(108164,'1998-08-01','1619.92507875671',67),(108165,'1998-07-01','1655.66672697449',67),(108166,'1998-06-01','1656.59518632507',67),(108167,'1998-05-01','1731.65792903595',67),(108168,'1998-04-01','1800.12507817535',67),(108169,'1998-03-01','1747.15916341095',67),(108170,'1998-02-01','1663.99998604431',67),(108171,'1998-01-01','1687.60000986328',67),(108172,'1997-12-01','1761.45239143524',67),(108173,'1997-11-01','1918.49994499359',67),(108174,'1997-10-01','2050.6955684021',67),(108175,'1997-09-01','2104.30955452118',67),(108176,'1997-08-01','2250.10004305115',67),(108177,'1997-07-01','2449.19570404663',67),(108178,'1997-06-01','2611.28570015411',67),(108179,'1997-05-01','2513.29993523407',67),(108180,'1997-04-01','2389.31814949341',67),(108181,'1997-03-01','2420.1842087265',67),(108182,'1997-02-01','2406.63156159363',67),(108183,'1997-01-01','2427.27279402924',67),(108184,'1996-12-01','2264.59527826385',67),(108185,'1996-11-01','2215.42864607391',67),(108186,'1996-10-01','1960.19567519531',67),(108187,'1996-09-01','1935.07143060913',67),(108188,'1996-08-01','2017.85720584564',67),(108189,'1996-07-01','1983.93479971771',67),(108190,'1996-06-01','2177.59998270721',67),(108191,'1996-05-01','2658.76193080902',67),(108192,'1996-04-01','2594.17496803894',67),(108193,'1996-03-01','2563.34994940033',67),(108194,'1996-02-01','2544.66672335968',67),(108195,'1996-01-01','2604.99992943115',67),(108196,'1995-12-01','2918.21064537659',67),(108197,'1995-11-01','2981.61903664856',67),(108198,'1995-10-01','2810.06817431793',67),(108199,'1995-09-01','2910.42504276428',67),(108200,'1995-08-01','3040.13619641418',67),(108201,'1995-07-01','3076.4500581665',67),(108202,'1995-06-01','2987.68194348755',67),(108203,'1995-05-01','2771.57125569763',67),(108204,'1995-04-01','2894.88882296448',67),(108205,'1995-03-01','2919.67397804871',67),(108206,'1995-02-01','2870.45015814514',67),(108207,'1995-01-01','3003.26189506836',67),(108208,'1994-12-01','2980.69999645081',67),(108209,'1994-11-01','2803.54541098175',67),(108210,'1994-10-01','2546.02375416412',67),(108211,'1994-09-01','2504.84103139343',67),(108212,'1994-08-01','2409.74997397766',67),(108213,'1994-07-01','2447.23803404999',67),(108214,'1994-06-01','2363.09102303009',67),(108215,'1994-05-01','2144.50007046051',67),(108216,'1994-04-01','1881.36846713562',67),(108217,'1994-03-01','1913.17391866455',67),(108218,'1994-02-01','1865.07501472778',67),(108219,'1994-01-01','1807.07136699066',67),(108220,'1993-12-01','1723.6250736618',67),(108221,'1993-11-01','1632.56810484467',67),(108222,'1993-10-01','1646.99992897491',67),(108223,'1993-09-01','1858.24999750519',67),(108224,'1993-08-01','1951.07137548676',67),(108225,'1993-07-01','1927.33981992645',67),(108226,'1993-06-01','1857.87070840454',67),(108227,'1993-05-01','1799.35169844818',67),(108228,'1993-04-01','1953.62060192108',67),(108229,'1993-03-01','2152.38020099945',67),(108230,'1993-02-01','2212.18139313507',67),(108231,'1993-01-01','2264.21397077332',67),(108232,'1992-12-01','2211.95028749237',67),(108233,'1992-11-01','2161.78909368286',67),(108234,'1992-10-01','2262.45696237183',67),(108235,'1992-09-01','2419.61418178101',67),(108236,'1992-08-01','2513.46998458252',67),(108237,'1992-07-01','2527.28502240143',67),(108238,'1992-06-01','2296.44193858643',67),(108239,'1992-05-01','2219.31505581207',67),(108240,'1992-04-01','2214.16681599274',67),(108241,'1992-03-01','2231.78550956421',67),(108242,'1992-02-01','2208.89225860596',67),(108243,'1992-01-01','2150.57962901611',67),(108244,'1991-12-01','2205.91849749756',67),(108245,'1991-11-01','2375.66037788696',67),(108246,'1991-10-01','2360.64557547607',67),(108247,'1991-09-01','2318.58300291138',67),(108248,'1991-08-01','2236.18677692413',67),(108249,'1991-07-01','2231.25534581909',67),(108250,'1991-06-01','2218.06802725677',67),(108251,'1991-05-01','2340.4246727356',67),(108252,'1991-04-01','2471.37932275848',67),(108253,'1991-03-01','2409.64939088135',67),(108254,'1991-02-01','2447.1282',67),(108255,'1991-01-01','2447.1282',67),(108256,'1990-12-01','2484.60700911865',67),(108257,'1990-11-01','2583.81490911865',67),(108258,'1990-10-01','2742.54697724152',67),(108259,'1990-09-01','3040.17084544067',67),(108260,'1990-08-01','2956.39555455933',67),(108261,'1990-07-01','2769.00302275848',67),(108262,'1990-06-01','2583.81490911865',67),(108263,'1990-05-01','2740.34239088135',67),(108264,'1990-04-01','2685.22689088135',67),(108265,'1990-03-01','2625.70272275848',67),(108266,'1990-02-01','2358.9434',67),(108267,'1990-01-01','2365.55699088135',67),(108268,'2023-10-01','2194.39090909091',68),(108269,'2023-09-01','2184.67380952381',68),(108270,'2023-08-01','2135.58173913043',68),(108271,'2023-07-01','2159.73238095238',68),(108272,'2023-06-01','2184.75363636364',68),(108273,'2023-05-01','2274.01260869565',68),(108274,'2023-04-01','2338.131',68),(108275,'2023-03-01','2296.41695652174',68),(108276,'2023-02-01','2416.1815',68),(108277,'2023-01-01','2494.90090909091',68),(108278,'2022-12-01','2398.20681818182',68),(108279,'2022-11-01','2350.71636363636',68),(108280,'2022-10-01','2255.53523809524',68),(108281,'2022-09-01','2224.75590909091',68),(108282,'2022-08-01','2433.91608695652',68),(108283,'2022-07-01','2408.42333333333',68),(108284,'2022-06-01','2575.66954545455',68),(108285,'2022-05-01','2839.50545454545',68),(108286,'2022-04-01','3246.99047619048',68),(108287,'2022-03-01','3498.37304347826',68),(108288,'2022-02-01','3245.7855',68),(108289,'2022-01-01','3005.9805',68),(108290,'2021-12-01','2695.53142857143',68),(108291,'2021-11-01','2636.45227272727',68),(108292,'2021-10-01','2934.39380952381',68),(108293,'2021-09-01','2834.55681818182',68),(108294,'2021-08-01','2602.99190476191',68),(108295,'2021-07-01','2497.63545454545',68),(108296,'2021-06-01','2446.64545454545',68),(108297,'2021-05-01','2434.7765',68),(108298,'2021-04-01','2319.3925',68),(108299,'2021-03-01','2190.48260869565',68),(108300,'2021-02-01','2078.5935',68),(108301,'2021-01-01','2003.9755',68),(108302,'2020-12-01','2014.6719047619',68),(108303,'2020-11-01','1935.28333333333',68),(108304,'2020-10-01','1806.10181818182',68),(108305,'2020-09-01','1743.77454545455',68),(108306,'2020-08-01','1738.55523809524',68),(108307,'2020-07-01','1643.81217391304',68),(108308,'2020-06-01','1568.57045454545',68),(108309,'2020-05-01','1466.37157894737',68),(108310,'2020-04-01','1459.9345',68),(108311,'2020-03-01','1610.89090909091',68),(108312,'2020-02-01','1688.095',68),(108313,'2020-01-01','1773.09090909091',68),(108314,'2019-12-01','1771.38',68),(108315,'2019-11-01','1774.78571428571',68),(108316,'2019-10-01','1725.95652173913',68),(108317,'2019-09-01','1753.5119047619',68),(108318,'2019-08-01','1740.67857142857',68),(108319,'2019-07-01','1796.98913043478',68),(108320,'2019-06-01','1755.95',68),(108321,'2019-05-01','1781.2619047619',68),(108322,'2019-04-01','1845.425',68),(108323,'2019-03-01','1871.21428571429',68),(108324,'2019-02-01','1862.9875',68),(108325,'2019-01-01','1853.71590909091',68),(108326,'2018-12-01','1920.38157894737',68),(108327,'2018-11-01','1938.51136363636',68),(108328,'2018-10-01','2029.85869565217',68),(108329,'2018-09-01','2026.4625',68),(108330,'2018-08-01','2051.51136363636',68),(108331,'2018-07-01','2082.23863636364',68),(108332,'2018-06-01','2237.61904761905',68),(108333,'2018-05-01','2299.66666666667',68),(108334,'2018-04-01','2254.6875',68),(108335,'2018-03-01','2069.2380952381',68),(108336,'2018-02-01','2181.7875',68),(108337,'2018-01-01','2209.72727272727',68),(108338,'2017-12-01','2080.47368421053',68),(108339,'2017-11-01','2097.44090909091',68),(108340,'2017-10-01','2131.48863636364',68),(108341,'2017-09-01','2096.4880952381',68),(108342,'2017-08-01','2030.01136363636',68),(108343,'2017-07-01','1902.96428571429',68),(108344,'2017-06-01','1885.28636363636',68),(108345,'2017-05-01','1913.02380952381',68),(108346,'2017-04-01','1921.22222222222',68),(108347,'2017-03-01','1901.46739130435',68),(108348,'2017-02-01','1860.75',68),(108349,'2017-01-01','1791.2380952381',68),(108350,'2016-12-01','1727.7375',68),(108351,'2016-11-01','1737.11363636364',68),(108352,'2016-10-01','1665.90476190476',68),(108353,'2016-09-01','1592.36363636364',68),(108354,'2016-08-01','1639.28409090909',68),(108355,'2016-07-01','1629.04761904762',68),(108356,'2016-06-01','1593.50681818182',68),(108357,'2016-05-01','1550.625',68),(108358,'2016-04-01','1571.22619047619',68),(108359,'2016-03-01','1531.0119047619',68),(108360,'2016-02-01','1531.2619047619',68),(108361,'2016-01-01','1481.1',68),(108362,'2015-12-01','1497.20238095238',68),(108363,'2015-11-01','1467.89285714286',68),(108364,'2015-10-01','1516.48863636364',68),(108365,'2015-09-01','1589.60227272727',68),(108366,'2015-08-01','1548.125',68),(108367,'2015-07-01','1639.5',68),(108368,'2015-06-01','1687.72727272727',68),(108369,'2015-05-01','1804.03947368421',68),(108370,'2015-04-01','1819.1875',68),(108371,'2015-03-01','1773.86363636364',68),(108372,'2015-02-01','1817.82',68),(108373,'2015-01-01','1814.71904761905',68),(108374,'2014-12-01','1909.45952380952',68),(108375,'2014-11-01','2055.555',68),(108376,'2014-10-01','1946.18913043478',68),(108377,'2014-09-01','1990.43181818182',68),(108378,'2014-08-01','2030.4925',68),(108379,'2014-07-01','1948.30434782609',68),(108380,'2014-06-01','1838.95238095238',68),(108381,'2014-05-01','1751.05',68),(108382,'2014-04-01','1810.675',68),(108383,'2014-03-01','1705.36666666667',68),(108384,'2014-02-01','1695.165',68),(108385,'2014-01-01','1727.41136363636',68),(108386,'2013-12-01','1739.81',68),(108387,'2013-11-01','1747.96428571429',68),(108388,'2013-10-01','1814.58260869565',68),(108389,'2013-09-01','1761.30476190476',68),(108390,'2013-08-01','1816.23571428571',68),(108391,'2013-07-01','1769.60869565217',68),(108392,'2013-06-01','1814.5375',68),(108393,'2013-05-01','1832.57142857143',68),(108394,'2013-04-01','1861.02380952381',68),(108395,'2013-03-01','1911.2825',68),(108396,'2013-02-01','2053.595',68),(108397,'2013-01-01','2037.60681818182',68),(108398,'2012-12-01','2086.76315789474',68),(108399,'2012-11-01','1948.82954545455',68),(108400,'2012-10-01','1974.30434782609',68),(108401,'2012-09-01','2064.12',68),(108402,'2012-08-01','1843.32727272727',68),(108403,'2012-07-01','1876.25',68),(108404,'2012-06-01','1885.51315789474',68),(108405,'2012-05-01','2002.52272727273',68),(108406,'2012-04-01','2048.50526315789',68),(108407,'2012-03-01','2184.15909090909',68),(108408,'2012-02-01','2207.91666666667',68),(108409,'2012-01-01','2151.33333333333',68),(108410,'2011-12-01','2024.375',68),(108411,'2011-11-01','2079.98181818182',68),(108412,'2011-10-01','2180.64761904762',68),(108413,'2011-09-01','2293.46136363636',68),(108414,'2011-08-01','2380.975',68),(108415,'2011-07-01','2525.42857142857',68),(108416,'2011-06-01','2557.76136363636',68),(108417,'2011-05-01','2587.2125',68),(108418,'2011-04-01','2667.41666666667',68),(108419,'2011-03-01','2555.5',68),(108420,'2011-02-01','2515.26',68),(108421,'2011-01-01','2439.7',68),(108422,'2010-12-01','2356.66904761905',68),(108423,'2010-11-01','2324.04545454545',68),(108424,'2010-10-01','2342.17857142857',68),(108425,'2010-09-01','2171.24318181818',68),(108426,'2010-08-01','2110.44047619048',68),(108427,'2010-07-01','1989.04545454545',68),(108428,'2010-06-01','1929.40909090909',68),(108429,'2010-05-01','2044.71052631579',68),(108430,'2010-04-01','2314.2775',68),(108431,'2010-03-01','2210.53043478261',68),(108432,'2010-02-01','2053.27',68),(108433,'2010-01-01','2230.1125',68),(108434,'2009-12-01','2181.25714285714',68),(108435,'2009-11-01','1956.54761904762',68),(108436,'2009-10-01','1875.66363636364',68),(108437,'2009-09-01','1835.59772727273',68),(108438,'2009-08-01','1927.6375',68),(108439,'2009-07-01','1670.55652173913',68),(108440,'2009-06-01','1579.62727272727',68),(108441,'2009-05-01','1466.67105263158',68),(108442,'2009-04-01','1431.8125',68),(108443,'2009-03-01','1338.07954545455',68),(108444,'2009-02-01','1338.0625',68),(108445,'2009-01-01','1420.35952380952',68),(108446,'2008-12-01','1504.41666666667',68),(108447,'2008-11-01','1857.13',68),(108448,'2008-10-01','2122.02826086957',68),(108449,'2008-09-01','2524.14772727273',68),(108450,'2008-08-01','2762.56',68),(108451,'2008-07-01','3067.45652173913',68),(108452,'2008-06-01','2967.86904761905',68),(108453,'2008-05-01','2908.2775',68),(108454,'2008-04-01','2968.03409090909',68),(108455,'2008-03-01','3012.05263157895',68),(108456,'2008-02-01','2784.89285714286',68),(108457,'2008-01-01','2456.125',68),(108458,'2007-12-01','2382.83333333333',68),(108459,'2007-11-01','2507.15227272727',68),(108460,'2007-10-01','2444.53260869565',68),(108461,'2007-09-01','2394.9625',68),(108462,'2007-08-01','2512.60227272727',68),(108463,'2007-07-01','2738.09090909091',68),(108464,'2007-06-01','2681.30952380952',68),(108465,'2007-05-01','2804.60476190476',68),(108466,'2007-04-01','2817.05263157895',68),(108467,'2007-03-01','2757.07954545455',68),(108468,'2007-02-01','2839.05',68),(108469,'2007-01-01','2799.05909090909',68),(108470,'2006-12-01','2823.67105263158',68),(108471,'2006-11-01','2702.13636363636',68),(108472,'2006-10-01','2657.14772727273',68),(108473,'2006-09-01','2484.38095238095',68),(108474,'2006-08-01','2461.55227272727',68),(108475,'2006-07-01','2511.83333333333',68),(108476,'2006-06-01','2490.95454545455',68),(108477,'2006-05-01','2852.07142857143',68),(108478,'2006-04-01','2623.85833333333',68),(108479,'2006-03-01','2432.47826086957',68),(108480,'2006-02-01','2453.375',68),(108481,'2006-01-01','2383.30238095238',68),(108482,'2005-12-01','2250.9',68),(108483,'2005-11-01','2056.97045454545',68),(108484,'2005-10-01','1934.14285714286',68),(108485,'2005-09-01','1837.69318181818',68),(108486,'2005-08-01','1871.27272727273',68),(108487,'2005-07-01','1783.2619047619',68),(108488,'2005-06-01','1731.94318181818',68),(108489,'2005-05-01','1741.45',68),(108490,'2005-04-01','1891.9880952381',68),(108491,'2005-03-01','1987.5',68),(108492,'2005-02-01','1882.775',68),(108493,'2005-01-01','1836.175',68),(108494,'2004-12-01','1852.90952380952',68),(108495,'2004-11-01','1817.34090909091',68),(108496,'2004-10-01','1830.35714285714',68),(108497,'2004-09-01','1731',68),(108498,'2004-08-01','1692.07142857143',68),(108499,'2004-07-01','1707.84090909091',68),(108500,'2004-06-01','1682.02954545455',68),(108501,'2004-05-01','1625.25',68),(108502,'2004-04-01','1731.68',68),(108503,'2004-03-01','1657.35434782609',68),(108504,'2004-02-01','1685.225',68),(108505,'2004-01-01','1608.89285714286',68),(108506,'2003-12-01','1557.77857142857',68),(108507,'2003-11-01','1511.585',68),(108508,'2003-10-01','1477.22391304348',68),(108509,'2003-09-01','1416.57727272727',68),(108510,'2003-08-01','1457.225',68),(108511,'2003-07-01','1440.88043478261',68),(108512,'2003-06-01','1410.51666666667',68),(108513,'2003-05-01','1400.3975',68),(108514,'2003-04-01','1334.29',68),(108515,'2003-03-01','1386.52380952381',68),(108516,'2003-02-01','1421.535',68),(108517,'2003-01-01','1379.26818181818',68),(108518,'2002-12-01','1375.8619047619',68),(108519,'2002-11-01','1373.26666666667',68),(108520,'2002-10-01','1311.46086956522',68),(108521,'2002-09-01','1301.7',68),(108522,'2002-08-01','1293.35714285714',68),(108523,'2002-07-01','1337.8652173913',68),(108524,'2002-06-01','1356.93333333333',68),(108525,'2002-05-01','1344.42727272727',68),(108526,'2002-04-01','1370.38571428571',68),(108527,'2002-03-01','1404.985',68),(108528,'2002-02-01','1371.08',68),(108529,'2002-01-01','1371.36363636364',68),(108530,'2001-12-01','1348.72352941176',68),(108531,'2001-11-01','1334.45454545455',68),(108532,'2001-10-01','1283.53043478261',68),(108533,'2001-09-01','1345.995',68),(108534,'2001-08-01','1377.84545454545',68),(108535,'2001-07-01','1418.62272727273',68),(108536,'2001-06-01','1470.83333333333',68),(108537,'2001-05-01','1542.39047619048',68),(108538,'2001-04-01','1499.48333333333',68),(108539,'2001-03-01','1512.17272727273',68),(108540,'2001-02-01','1607.03',68),(108541,'2001-01-01','1619.87727272727',68),(108542,'2000-12-01','1569.055',68),(108543,'2000-11-01','1475.55454545455',68),(108544,'2000-10-01','1501.24545454545',68),(108545,'2000-09-01','1602.30952380952',68),(108546,'2000-08-01','1530.3347826087',68),(108547,'2000-07-01','1564.37619047619',68),(108548,'2000-06-01','1509.37272727273',68),(108549,'2000-05-01','1468.0652173913',68),(108550,'2000-04-01','1458.745',68),(108551,'2000-03-01','1579.64',68),(108552,'2000-02-01','1679.425',68),(108553,'2000-01-01','1679.85',68),(108554,'1999-12-01','1554.73529411765',68),(108555,'1999-11-01','1472.43181818182',68),(108556,'1999-10-01','1473.33333333333',68),(108557,'1999-09-01','1492.06818181818',68),(108558,'1999-08-01','1421.69047619048',68),(108559,'1999-07-01','1403.36363636364',68),(108560,'1999-06-01','1315.52272727273',68),(108561,'1999-05-01','1323.13157894737',68),(108562,'1999-04-01','1277.85',68),(108563,'1999-03-01','1179.86363636364',68),(108564,'1999-02-01','1186.475',68),(108565,'1999-01-01','1219.40002441406',68),(108566,'1998-12-01','1250.39477539063',68),(108567,'1998-11-01','1295.30004882813',68),(108568,'1998-10-01','1303.70458984375',68),(108569,'1998-09-01','1341.88635253906',68),(108570,'1998-08-01','1310.55004882813',68),(108571,'1998-07-01','1312.66662597656',68),(108572,'1998-06-01','1305.52380371094',68),(108573,'1998-05-01','1364.31579589844',68),(108574,'1998-04-01','1417.55004882813',68),(108575,'1998-03-01','1438.31823730469',68),(108576,'1998-02-01','1465.17504882813',68),(108577,'1998-01-01','1485.47497558594',68),(108578,'1997-12-01','1530.52380371094',68),(108579,'1997-11-01','1598.32495117188',68),(108580,'1997-10-01','1607.32604980469',68),(108581,'1997-09-01','1611.61901855469',68),(108582,'1997-08-01','1710.02502441406',68),(108583,'1997-07-01','1591.5869140625',68),(108584,'1997-06-01','1567.1904296875',68),(108585,'1997-05-01','1625.44995117188',68),(108586,'1997-04-01','1561.11364746094',68),(108587,'1997-03-01','1631.18420410156',68),(108588,'1997-02-01','1582.05297851563',68),(108589,'1997-01-01','1575.13635253906',68),(108590,'1996-12-01','1500.97619628906',68),(108591,'1996-11-01','1451.04760742188',68),(108592,'1996-10-01','1336.02172851563',68),(108593,'1996-09-01','1405.76196289063',68),(108594,'1996-08-01','1466.78576660156',68),(108595,'1996-07-01','1460.02172851563',68),(108596,'1996-06-01','1485.75',68),(108597,'1996-05-01','1593.85717773438',68),(108598,'1996-04-01','1587.40002441406',68),(108599,'1996-03-01','1614.85717773438',68),(108600,'1996-02-01','1594.57141113281',68),(108601,'1996-01-01','1584.47619628906',68),(108602,'1995-12-01','1657.81579589844',68),(108603,'1995-11-01','1655.92858886719',68),(108604,'1995-10-01','1671.95458984375',68),(108605,'1995-09-01','1761.72497558594',68),(108606,'1995-08-01','1890.04541015625',68),(108607,'1995-07-01','1867.27502441406',68),(108608,'1995-06-01','1775.79541015625',68),(108609,'1995-05-01','1765.47619628906',68),(108610,'1995-04-01','1849.44445800781',68),(108611,'1995-03-01','1799.97827148438',68),(108612,'1995-02-01','1905.44995117188',68),(108613,'1995-01-01','2059.35717773438',68),(108614,'1994-12-01','1878.375',68),(108615,'1994-11-01','1885.88635253906',68),(108616,'1994-10-01','1694.26196289063',68),(108617,'1994-09-01','1571.09094238281',68),(108618,'1994-08-01','1457.06823730469',68),(108619,'1994-07-01','1491.95239257813',68),(108620,'1994-06-01','1402.36364746094',68),(108621,'1994-05-01','1321.04760742188',68),(108622,'1994-04-01','1277.28942871094',68),(108623,'1994-03-01','1287.69567871094',68),(108624,'1994-02-01','1270.52502441406',68),(108625,'1994-01-01','1170',68),(108626,'1993-12-01','1091.34997558594',68),(108627,'1993-11-01','1040.02270507813',68),(108628,'1993-10-01','1089.42858886719',68),(108629,'1993-09-01','1116.90905761719',68),(108630,'1993-08-01','1172.76196289063',68),(108631,'1993-07-01','1203.18176269531',68),(108632,'1993-06-01','1168.09094238281',68),(108633,'1993-05-01','1125.42102050781',68),(108634,'1993-04-01','1110.27502441406',68),(108635,'1993-03-01','1150.47827148438',68),(108636,'1993-02-01','1203.15002441406',68),(108637,'1993-01-01','1208.09997558594',68),(108638,'1992-12-01','1209.02380371094',68),(108639,'1992-11-01','1162.21435546875',68),(108640,'1992-10-01','1180.84106445313',68),(108641,'1992-09-01','1270.21435546875',68),(108642,'1992-08-01','1305.55004882813',68),(108643,'1992-07-01','1314.34790039063',68),(108644,'1992-06-01','1275.27270507813',68),(108645,'1992-05-01','1306.71069335938',68),(108646,'1992-04-01','1317.125',68),(108647,'1992-03-01','1282.02270507813',68),(108648,'1992-02-01','1270.75',68),(108649,'1992-01-01','1181.22729492188',68),(108650,'1991-12-01','1099.5263671875',68),(108651,'1991-11-01','1134.92504882813',68),(108652,'1991-10-01','1152.95458984375',68),(108653,'1991-09-01','1212.09521484375',68),(108654,'1991-08-01','1259.693359375',68),(108655,'1991-07-01','1297.54663085938',68),(108656,'1991-06-01','1283.55004882813',68),(108657,'1991-05-01','1299.94995117188',68),(108658,'1991-04-01','1392',68),(108659,'1991-03-01','1496',68),(108660,'1991-02-01','1505',68),(108661,'1991-01-01','1515',68),(108662,'1990-12-01','1522',68),(108663,'1990-11-01','1618',68),(108664,'1990-10-01','1946',68),(108665,'1990-09-01','2067',68),(108666,'1990-08-01','1782',68),(108667,'1990-07-01','1571',68),(108668,'1990-06-01','1566',68),(108669,'1990-05-01','1527',68),(108670,'1990-04-01','1526',68),(108671,'1990-03-01','1567',68),(108672,'1990-02-01','1454',68),(108673,'1990-01-01','1528',68),(108674,'2023-10-01','216.463939126984',69),(108675,'2023-09-01','229.390711',69),(108676,'2023-08-01','241.413877753623',69),(108677,'2023-07-01','278.617600992064',69),(108678,'2023-06-01','282.27674528254',69),(108679,'2023-05-01','299.44000625',69),(108680,'2023-04-01','312.81082437193',69),(108681,'2023-03-01','309.429599855072',69),(108682,'2023-02-01','332.412023436842',69),(108683,'2023-01-01','320.097045125',69),(108684,'2022-12-01','323.654838134921',69),(108685,'2022-11-01','344.329860728333',69),(108686,'2022-10-01','353.712907166667',69),(108687,'2022-09-01','346.322181071428',69),(108688,'2022-08-01','323.016768768116',69),(108689,'2022-07-01','321.97512765873',69),(108690,'2022-06-01','397.6523199',69),(108691,'2022-05-01','444.15656781746',69),(108692,'2022-04-01','406.026886301667',69),(108693,'2022-03-01','387.665013697101',69),(108694,'2022-02-01','347.5032275',69),(108695,'2022-01-01','326.081669833333',69),(108696,'2021-12-01','324.017900555555',69),(108697,'2021-11-01','317.437354813333',69),(108698,'2021-10-01','294.036818253968',69),(108699,'2021-09-01','269.733507301587',69),(108700,'2021-08-01','274.87603',69),(108701,'2021-07-01','243.628006984127',69),(108702,'2021-06-01','238.767026666667',69),(108703,'2021-05-01','278.447005396825',69),(108704,'2021-04-01','239.936143333333',69),(108705,'2021-03-01','229.887549275362',69),(108706,'2021-02-01','240.806388070175',69),(108707,'2021-01-01','237.944249824561',69),(108708,'2020-12-01','217.312542857143',69),(108709,'2020-11-01','210.753936491228',69),(108710,'2020-10-01','203.4263',69),(108711,'2020-09-01','204.137313809524',69),(108712,'2020-08-01','174.182476984127',69),(108713,'2020-07-01','170.574121666667',69),(108714,'2020-06-01','169.722336666667',69),(108715,'2020-05-01','174.954968833333',69),(108716,'2020-04-01','179.746517936508',69),(108717,'2020-03-01','170.874751666667',69),(108718,'2020-02-01','172.231102807018',69),(108719,'2020-01-01','178.241777301587',69),(108720,'2019-12-01','165.254640833333',69),(108721,'2019-11-01','157.528264259259',69),(108722,'2019-10-01','153.22109',69),(108723,'2019-09-01','146.570486333333',69),(108724,'2019-08-01','149.363005',69),(108725,'2019-07-01','163.876753333333',69),(108726,'2019-06-01','174.697763166667',69),(108727,'2019-05-01','158.281695',69),(108728,'2019-04-01','159.030088730159',69),(108729,'2019-03-01','164.506644761905',69),(108730,'2019-02-01','177.916701754386',69),(108731,'2019-01-01','188.84494968254',69),(108732,'2018-12-01','188.535836296296',69),(108733,'2018-11-01','181.552390877193',69),(108734,'2018-10-01','188.461606666667',69),(108735,'2018-09-01','191.144421754386',69),(108736,'2018-08-01','211.29205884058',69),(108737,'2018-07-01','196.806077460317',69),(108738,'2018-06-01','193.07921984127',69),(108739,'2018-05-01','192.70383',69),(108740,'2018-04-01','180.376409365079',69),(108741,'2018-03-01','180.918815873016',69),(108742,'2018-02-01','172.289119122807',69),(108743,'2018-01-01','156.388044126984',69),(108744,'2017-12-01','147.1032695',69),(108745,'2017-11-01','138.045955666667',69),(108746,'2017-10-01','133.344516031746',69),(108747,'2017-09-01','138.413392333333',69),(108748,'2017-08-01','139.050815072464',69),(108749,'2017-07-01','174.532416666667',69),(108750,'2017-06-01','157.246191666667',69),(108751,'2017-05-01','146.440213333333',69),(108752,'2017-04-01','138.407590701754',69),(108753,'2017-03-01','146.43149942029',69),(108754,'2017-02-01','147.361442105263',69),(108755,'2017-01-01','137.145735833333',69),(108756,'2016-12-01','122.846325555556',69),(108757,'2016-11-01','122.549797719298',69),(108758,'2016-10-01','122.558500166667',69),(108759,'2016-09-01','123.248756190476',69),(108760,'2016-08-01','127.899911014493',69),(108761,'2016-07-01','133.710203',69),(108762,'2016-06-01','156.695036666667',69),(108763,'2016-05-01','157.560342063492',69),(108764,'2016-04-01','163.386837777778',69),(108765,'2016-03-01','164.060471666667',69),(108766,'2016-02-01','159.283795',69),(108767,'2016-01-01','164.611626666667',69),(108768,'2015-12-01','163.893455',69),(108769,'2015-11-01','157.804378947368',69),(108770,'2015-10-01','165.451481904762',69),(108771,'2015-09-01','164.06922015873',69),(108772,'2015-08-01','173.517591587302',69),(108773,'2015-07-01','199.21748',69),(108774,'2015-06-01','199.835441666667',69),(108775,'2015-05-01','193.216571166667',69),(108776,'2015-04-01','195.931228253968',69),(108777,'2015-03-01','202.691426666667',69),(108778,'2015-02-01','201.74206877193',69),(108779,'2015-01-01','213.0214075',69),(108780,'2014-12-01','234.858836666667',69),(108781,'2014-11-01','215.987918235294',69),(108782,'2014-10-01','210.724928333333',69),(108783,'2014-09-01','211.171101428571',69),(108784,'2014-08-01','229.158001111111',69),(108785,'2014-07-01','238.549905',69),(108786,'2014-06-01','261.649900634921',69),(108787,'2014-05-01','287.912873809524',69),(108788,'2014-04-01','276.382361269841',69),(108789,'2014-03-01','275.612493968254',69),(108790,'2014-02-01','242.798281578947',69),(108791,'2014-01-01','229.980359365079',69),(108792,'2013-12-01','246.112578730159',69),(108793,'2013-11-01','259.777723333333',69),(108794,'2013-10-01','278.149556666667',69),(108795,'2013-09-01','257.499616',69),(108796,'2013-08-01','258.925938333333',69),(108797,'2013-07-01','257.472893333333',69),(108798,'2013-06-01','266.850879166667',69),(108799,'2013-05-01','276.045146666667',69),(108800,'2013-04-01','264.170261666667',69),(108801,'2013-03-01','263.341859',69),(108802,'2013-02-01','271.678588703704',69),(108803,'2013-01-01','288.210322539683',69),(108804,'2012-12-01','303.038556140351',69),(108805,'2012-11-01','319.459936190476',69),(108806,'2012-10-01','318.407834927536',69),(108807,'2012-09-01','316.653051578947',69),(108808,'2012-08-01','315.548219130435',69),(108809,'2012-07-01','310.746438095238',69),(108810,'2012-06-01','241.965793492064',69),(108811,'2012-05-01','228.87964',69),(108812,'2012-04-01','228.086310833333',69),(108813,'2012-03-01','243.493598333333',69),(108814,'2012-02-01','245.9804765',69),(108815,'2012-01-01','243.702369166667',69),(108816,'2011-12-01','236.0596865',69),(108817,'2011-11-01','244.53785015873',69),(108818,'2011-10-01','251.589134761905',69),(108819,'2011-09-01','272.340557936508',69),(108820,'2011-08-01','288.688308333333',69),(108821,'2011-07-01','271.462209333333',69),(108822,'2011-06-01','285.29787',69),(108823,'2011-05-01','307.19455031746',69),(108824,'2011-04-01','307.254408421053',69),(108825,'2011-03-01','285.375811111111',69),(108826,'2011-02-01','317.600651403509',69),(108827,'2011-01-01','295.988606833333',69),(108828,'2010-12-01','274.456818166667',69),(108829,'2010-11-01','241.840133333333',69),(108830,'2010-10-01','234.599563174603',69),(108831,'2010-09-01','240.432182833333',69),(108832,'2010-08-01','219.877441666667',69),(108833,'2010-07-01','182.738502222222',69),(108834,'2010-06-01','149.21269',69),(108835,'2010-05-01','158.328459666667',69),(108836,'2010-04-01','156.825468730159',69),(108837,'2010-03-01','156.464117971015',69),(108838,'2010-02-01','160.16156037037',69),(108839,'2010-01-01','167.821862807018',69),(108840,'2009-12-01','171.155498730159',69),(108841,'2009-11-01','177.607281403509',69),(108842,'2009-10-01','163.726438333333',69),(108843,'2009-09-01','156.930450634921',69),(108844,'2009-08-01','179.554051111111',69),(108845,'2009-07-01','195.325991666667',69),(108846,'2009-06-01','227.314693833333',69),(108847,'2009-05-01','227.186091',69),(108848,'2009-04-01','200.887646666667',69),(108849,'2009-03-01','199.100568333333',69),(108850,'2009-02-01','195.224902631579',69),(108851,'2009-01-01','211.276083333333',69),(108852,'2008-12-01','188.84494968254',69),(108853,'2008-11-01','194.114629607843',69),(108854,'2008-10-01','202.774935',69),(108855,'2008-09-01','263.049659365079',69),(108856,'2008-08-01','304.164072666667',69),(108857,'2008-07-01','299.42748',69),(108858,'2008-06-01','314.15835',69),(108859,'2008-05-01','288.420286349206',69),(108860,'2008-04-01','326.851616666667',69),(108861,'2008-03-01','403.812896666667',69),(108862,'2008-02-01','393.873734833333',69),(108863,'2008-01-01','336.117065079365',69),(108864,'2007-12-01','339.225695925926',69),(108865,'2007-11-01','286.495618095238',69),(108866,'2007-10-01','303.630490724638',69),(108867,'2007-09-01','297.952459122807',69),(108868,'2007-08-01','240.686992173913',69),(108869,'2007-07-01','222.001734603175',69),(108870,'2007-06-01','206.516903650794',69),(108871,'2007-05-01','178.006363333333',69),(108872,'2007-04-01','178.555848166667',69),(108873,'2007-03-01','173.313195',69),(108874,'2007-02-01','175.26729',69),(108875,'2007-01-01','172.5666305',69),(108876,'2006-12-01','179.529555333333',69),(108877,'2006-11-01','182.301077619048',69),(108878,'2006-10-01','182.432305',69),(108879,'2006-09-01','164.942319666667',69),(108880,'2006-08-01','165.129378333333',69),(108881,'2006-07-01','181.348366833333',69),(108882,'2006-06-01','176.920755',69),(108883,'2006-05-01','176.603423333333',69),(108884,'2006-04-01','161.208002807018',69),(108885,'2006-03-01','155.793146666667',69),(108886,'2006-02-01','158.887350175439',69),(108887,'2006-01-01','144.5679565',69),(108888,'2005-12-01','139.99337',69),(108889,'2005-11-01','136.353997301587',69),(108890,'2005-10-01','143.072839206349',69),(108891,'2005-09-01','137.386319365079',69),(108892,'2005-08-01','131.558302173913',69),(108893,'2005-07-01','130.164439166667',69),(108894,'2005-06-01','122.473321666667',69),(108895,'2005-05-01','119.154461904762',69),(108896,'2005-04-01','120.064305079365',69),(108897,'2005-03-01','129.955668333333',69),(108898,'2005-02-01','123.129960877193',69),(108899,'2005-01-01','122.778962166667',69),(108900,'2004-12-01','123.554573043478',69),(108901,'2004-11-01','127.133086666667',69),(108902,'2004-10-01','123.056289365079',69),(108903,'2004-09-01','126.8207655',69),(108904,'2004-08-01','122.05578',69),(108905,'2004-07-01','132.387431',69),(108906,'2004-06-01','136.86140984127',69),(108907,'2004-05-01','143.184267368421',69),(108908,'2004-04-01','146.064823492064',69),(108909,'2004-03-01','142.548725',69),(108910,'2004-02-01','141.733859473684',69),(108911,'2004-01-01','147.289612380952',69),(108912,'2003-12-01','145.067495396825',69),(108913,'2003-11-01','141.347084035088',69),(108914,'2003-10-01','130.056604492754',69),(108915,'2003-09-01','130.64998047619',69),(108916,'2003-08-01','133.484491904762',69),(108917,'2003-07-01','115.775953333333',69),(108918,'2003-06-01','118.157133809524',69),(108919,'2003-05-01','131.052411111111',69),(108920,'2003-04-01','126.048273650794',69),(108921,'2003-03-01','129.2458475',69),(108922,'2003-02-01','141.656504385965',69),(108923,'2003-01-01','140.483285555556',69),(108924,'2002-12-01','149.195988333333',69),(108925,'2002-11-01','164.279183968254',69),(108926,'2002-10-01','180.043966666667',69),(108927,'2002-09-01','173.342621746032',69),(108928,'2002-08-01','149.61353',69),(108929,'2002-07-01','132.644636666667',69),(108930,'2002-06-01','115.411857',69),(108931,'2002-05-01','104.096405217391',69),(108932,'2002-04-01','104.802958333333',69),(108933,'2002-03-01','102.551573666667',69),(108934,'2002-02-01','103.837602',69),(108935,'2002-01-01','106.189196666667',69),(108936,'2001-12-01','104.370385166667',69),(108937,'2001-11-01','106.801591111111',69),(108938,'2001-10-01','104.831278550725',69),(108939,'2001-09-01','103.176216',69),(108940,'2001-08-01','104.224209275362',69),(108941,'2001-07-01','108.343711666667',69),(108942,'2001-06-01','109.426138730159',69),(108943,'2001-05-01','110.774167246377',69),(108944,'2001-04-01','106.154202698413',69),(108945,'2001-03-01','105.571235',69),(108946,'2001-02-01','103.323190666667',69),(108947,'2001-01-01','109.479425',69),(108948,'2000-12-01','113.740020166667',69),(108949,'2000-11-01','105.036781666667',69),(108950,'2000-10-01','107.775855',69),(108951,'2000-09-01','103.44217015873',69),(108952,'2000-08-01','96.6518188405797',69),(108953,'2000-07-01','97.1257588888889',69),(108954,'2000-06-01','103.366615',69),(108955,'2000-05-01','99.1120469565218',69),(108956,'2000-04-01','94.4312233333333',69),(108957,'2000-03-01','96.3962107246377',69),(108958,'2000-02-01','98.1668294444444',69),(108959,'2000-01-01','93.6228626666666',69),(108960,'1999-12-01','90.4373465217391',69),(108961,'1999-11-01','91.6754483333333',69),(108962,'1999-10-01','88.5522366666667',69),(108963,'1999-09-01','94.79866',69),(108964,'1999-08-01','98.0220816666666',69),(108965,'1999-07-01','93.0139676190476',69),(108966,'1999-06-01','99.9427733333333',69),(108967,'1999-05-01','99.6103306349206',69),(108968,'1999-04-01','102.331111666667',69),(108969,'1999-03-01','104.575670434783',69),(108970,'1999-02-01','104.278526',69),(108971,'1999-01-01','111.893213492063',69),(108972,'1998-12-01','111.804587463768',69),(108973,'1998-11-01','115.611322619048',69),(108974,'1998-10-01','112.155668253968',69),(108975,'1998-09-01','97.5711366666667',69),(108976,'1998-08-01','97.00328',69),(108977,'1998-07-01','106.620535362319',69),(108978,'1998-06-01','112.368813333333',69),(108979,'1998-05-01','118.349600634921',69),(108980,'1998-04-01','118.197695',69),(108981,'1998-03-01','128.235396666667',69),(108982,'1998-02-01','128.308884',69),(108983,'1998-01-01','127.350208333333',69),(108984,'1997-12-01','129.729106594203',69),(108985,'1997-11-01','135.382039833333',69),(108986,'1997-10-01','136.207174782609',69),(108987,'1997-09-01','138.239695',69),(108988,'1997-08-01','139.345981587302',69),(108989,'1997-07-01','130.408065652174',69),(108990,'1997-06-01','141.200661904762',69),(108991,'1997-05-01','168.402905',69),(108992,'1997-04-01','175.56792',69),(108993,'1997-03-01','167.708592857143',69),(108994,'1997-02-01','164.170702666667',69),(108995,'1997-01-01','167.790752608696',69),(108996,'1996-12-01','167.831071746032',69),(108997,'1996-11-01','169.265824444444',69),(108998,'1996-10-01','169.595984927536',69),(108999,'1996-09-01','170.980528888889',69),(109000,'1996-08-01','181.497011666667',69),(109001,'1996-07-01','196.38691057971',69),(109002,'1996-06-01','215.2260275',69),(109003,'1996-05-01','248.59486826087',69),(109004,'1996-04-01','239.516215714286',69),(109005,'1996-03-01','205.257120793651',69),(109006,'1996-02-01','206.166963968254',69),(109007,'1996-01-01','196.428301666667',69),(109008,'1995-12-01','208.924942016602',69),(109009,'1995-11-01','204.067321777344',69),(109010,'1995-10-01','203.791748046875',69),(109011,'1995-09-01','193.671279907227',69),(109012,'1995-08-01','184.393295288086',69),(109013,'1995-07-01','190.08528137207',69),(109014,'1995-06-01','169.98078918457',69),(109015,'1995-05-01','158.611557006836',69),(109016,'1995-04-01','148.978652954102',69),(109017,'1995-03-01','150.385986328125',69),(109018,'1995-02-01','154.420104980469',69),(109019,'1995-01-01','156.213088989258',69),(109020,'1994-12-01','164.62174987793',69),(109021,'1994-11-01','161.986770629883',69),(109022,'1994-10-01','167.188064575195',69),(109023,'1994-09-01','158.785140991211',69),(109024,'1994-08-01','146.024124145508',69),(109025,'1994-07-01','137.600448608398',69),(109026,'1994-06-01','139.304428100586',69),(109027,'1994-05-01','140.147354125977',69),(109028,'1994-04-01','140.452667236328',69),(109029,'1994-03-01','141.04377746582',69),(109030,'1994-02-01','147.037521362305',69),(109031,'1994-01-01','153.207977294922',69),(109032,'1993-12-01','158.645385742188',69),(109033,'1993-11-01','146.501602172852',69),(109034,'1993-10-01','135.956161499023',69),(109035,'1993-09-01','131.294311523438',69),(109036,'1993-08-01','129.797012329102',69),(109037,'1993-07-01','127.522399902344',69),(109038,'1993-06-01','121.81778717041',69),(109039,'1993-05-01','136.580810546875',69),(109040,'1993-04-01','141.992401123047',69),(109041,'1993-03-01','147.899658203125',69),(109042,'1993-02-01','148.884384155273',69),(109043,'1993-01-01','155.650772094727',69),(109044,'1992-12-01','147.827651977539',69),(109045,'1992-11-01','147.574188232422',69),(109046,'1992-10-01','140.581283569336',69),(109047,'1992-09-01','138.735794067383',69),(109048,'1992-08-01','128.168487548828',69),(109049,'1992-07-01','136.31901550293',69),(109050,'1992-06-01','148.665725708008',69),(109051,'1992-05-01','149.689117431641',69),(109052,'1992-04-01','159.931198120117',69),(109053,'1992-03-01','169.350738525391',69),(109054,'1992-02-01','177.130599975586',69),(109055,'1992-01-01','169.954772949219',69),(109056,'1991-12-01','160.836669921875',69),(109057,'1991-11-01','149.536529541016',69),(109058,'1991-10-01','146.887191772461',69),(109059,'1991-09-01','135.37287902832',69),(109060,'1991-08-01','125.326843261719',69),(109061,'1991-07-01','118.209587097168',69),(109062,'1991-06-01','120.151794433594',69),(109063,'1991-05-01','122.036750793457',69),(109064,'1991-04-01','120.886665344238',69),(109065,'1991-03-01','119.416923522949',69),(109066,'1991-02-01','113.905372619629',69),(109067,'1991-01-01','111.333320617676',69),(109068,'1990-12-01','113.17049407959',69),(109069,'1990-11-01','112.803070068359',69),(109070,'1990-10-01','114.640243530273',69),(109071,'1990-09-01','114.272811889648',69),(109072,'1990-08-01','116.844856262207',69),(109073,'1990-07-01','124.92847442627',69),(109074,'1990-06-01','135.584136962891',69),(109075,'1990-05-01','149.179290771484',69),(109076,'1990-04-01','159.467529296875',69),(109077,'1990-03-01','156.528030395508',69),(109078,'1990-02-01','160.937271118164',69),(109079,'1990-01-01','167.918579101563',69),(109080,'2023-10-01','2.98',70),(109081,'2023-09-01','2.64',70),(109082,'2023-08-01','2.58',70),(109083,'2023-07-01','2.55',70),(109084,'2023-06-01','2.18',70),(109085,'2023-05-01','2.15',70),(109086,'2023-04-01','2.16',70),(109087,'2023-03-01','2.31',70),(109088,'2023-02-01','2.38',70),(109089,'2023-01-01','3.27',70),(109090,'2022-12-01','5.53',70),(109091,'2022-11-01','5.45',70),(109092,'2022-10-01','5.66',70),(109093,'2022-09-01','7.88',70),(109094,'2022-08-01','8.81',70),(109095,'2022-07-01','7.28',70),(109096,'2022-06-01','7.7',70),(109097,'2022-05-01','8.14',70),(109098,'2022-04-01','6.6',70),(109099,'2022-03-01','4.9',70),(109100,'2022-02-01','4.69',70),(109101,'2022-01-01','4.38',70),(109102,'2021-12-01','3.76',70),(109103,'2021-11-01','5.05',70),(109104,'2021-10-01','5.51',70),(109105,'2021-09-01','5.16',70),(109106,'2021-08-01','4.07',70),(109107,'2021-07-01','3.84',70),(109108,'2021-06-01','3.26',70),(109109,'2021-05-01','2.91',70),(109110,'2021-04-01','2.66',70),(109111,'2021-03-01','2.62',70),(109112,'2021-02-01','5.35',70),(109113,'2021-01-01','2.71',70),(109114,'2020-12-01','2.59',70),(109115,'2020-11-01','2.61',70),(109116,'2020-10-01','2.39',70),(109117,'2020-09-01','1.92',70),(109118,'2020-08-01','2.3',70),(109119,'2020-07-01','1.77',70),(109120,'2020-06-01','1.63',70),(109121,'2020-05-01','1.75',70),(109122,'2020-04-01','1.74',70),(109123,'2020-03-01','1.79',70),(109124,'2020-02-01','1.91',70),(109125,'2020-01-01','2.02',70),(109126,'2019-12-01','2.22',70),(109127,'2019-11-01','2.65',70),(109128,'2019-10-01','2.33',70),(109129,'2019-09-01','2.56',70),(109130,'2019-08-01','2.22',70),(109131,'2019-07-01','2.37',70),(109132,'2019-06-01','2.4',70),(109133,'2019-05-01','2.64',70),(109134,'2019-04-01','2.65',70),(109135,'2019-03-01','2.95',70),(109136,'2019-02-01','2.69',70),(109137,'2019-01-01','3.11',70),(109138,'2018-12-01','4.04',70),(109139,'2018-11-01','4.09',70),(109140,'2018-10-01','3.28',70),(109141,'2018-09-01','3.0',70),(109142,'2018-08-01','2.96',70),(109143,'2018-07-01','2.83',70),(109144,'2018-06-01','2.97',70),(109145,'2018-05-01','2.8',70),(109146,'2018-04-01','2.8',70),(109147,'2018-03-01','2.69',70),(109148,'2018-02-01','2.67',70),(109149,'2018-01-01','3.87',70),(109150,'2017-12-01','2.82',70),(109151,'2017-11-01','3.01',70),(109152,'2017-10-01','2.88',70),(109153,'2017-09-01','2.98',70),(109154,'2017-08-01','2.9',70),(109155,'2017-07-01','2.98',70),(109156,'2017-06-01','2.98',70),(109157,'2017-05-01','3.15',70),(109158,'2017-04-01','3.1',70),(109159,'2017-03-01','2.88',70),(109160,'2017-02-01','2.85',70),(109161,'2017-01-01','3.3',70),(109162,'2016-12-01','3.59',70),(109163,'2016-11-01','2.55',70),(109164,'2016-10-01','2.98',70),(109165,'2016-09-01','2.99',70),(109166,'2016-08-01','2.82',70),(109167,'2016-07-01','2.82',70),(109168,'2016-06-01','2.59',70),(109169,'2016-05-01','1.92',70),(109170,'2016-04-01','1.92',70),(109171,'2016-03-01','1.73',70),(109172,'2016-02-01','1.99',70),(109173,'2016-01-01','2.28',70),(109174,'2015-12-01','1.93',70),(109175,'2015-11-01','2.09',70),(109176,'2015-10-01','2.34',70),(109177,'2015-09-01','2.66',70),(109178,'2015-08-01','2.77',70),(109179,'2015-07-01','2.84',70),(109180,'2015-06-01','2.78',70),(109181,'2015-05-01','2.85',70),(109182,'2015-04-01','2.61',70),(109183,'2015-03-01','2.83',70),(109184,'2015-02-01','2.87',70),(109185,'2015-01-01','2.99',70),(109186,'2014-12-01','3.48',70),(109187,'2014-11-01','4.12',70),(109188,'2014-10-01','3.78',70),(109189,'2014-09-01','3.92',70),(109190,'2014-08-01','3.91',70),(109191,'2014-07-01','4.05',70),(109192,'2014-06-01','4.59',70),(109193,'2014-05-01','4.58',70),(109194,'2014-04-01','4.66',70),(109195,'2014-03-01','4.90',70),(109196,'2014-02-01','6.00',70),(109197,'2014-01-01','4.71',70),(109198,'2013-12-01','4.24',70),(109199,'2013-11-01','3.64',70),(109200,'2013-10-01','3.68',70),(109201,'2013-09-01','3.62',70),(109202,'2013-08-01','3.43',70),(109203,'2013-07-01','3.62',70),(109204,'2013-06-01','3.83',70),(109205,'2013-05-01','4.04',70),(109206,'2013-04-01','4.17',70),(109207,'2013-03-01','3.81',70),(109208,'2013-02-01','3.33',70),(109209,'2013-01-01','3.33',70),(109210,'2012-12-01','3.34',70),(109211,'2012-11-01','3.54',70),(109212,'2012-10-01','3.32',70),(109213,'2012-09-01','2.85',70),(109214,'2012-08-01','2.84',70),(109215,'2012-07-01','2.95',70),(109216,'2012-06-01','2.46',70),(109217,'2012-05-01','2.43',70),(109218,'2012-04-01','1.95',70),(109219,'2012-03-01','2.17',70),(109220,'2012-02-01','2.51',70),(109221,'2012-01-01','2.67',70),(109222,'2011-12-01','3.17',70),(109223,'2011-11-01','3.24',70),(109224,'2011-10-01','3.57',70),(109225,'2011-09-01','3.90',70),(109226,'2011-08-01','4.06',70),(109227,'2011-07-01','4.42',70),(109228,'2011-06-01','4.54',70),(109229,'2011-05-01','4.31',70),(109230,'2011-04-01','4.24',70),(109231,'2011-03-01','3.97',70),(109232,'2011-02-01','4.09',70),(109233,'2011-01-01','4.49',70),(109234,'2010-12-01','4.25',70),(109235,'2010-11-01','3.71',70),(109236,'2010-10-01','3.43',70),(109237,'2010-09-01','3.89',70),(109238,'2010-08-01','4.32',70),(109239,'2010-07-01','4.63',70),(109240,'2010-06-01','4.80',70),(109241,'2010-05-01','4.14',70),(109242,'2010-04-01','4.03',70),(109243,'2010-03-01','4.29',70),(109244,'2010-02-01','5.32',70),(109245,'2010-01-01','5.83',70),(109246,'2009-12-01','5.35',70),(109247,'2009-11-01','3.66',70),(109248,'2009-10-01','4.01',70),(109249,'2009-09-01','2.99',70),(109250,'2009-08-01','3.14',70),(109251,'2009-07-01','3.38',70),(109252,'2009-06-01','3.80',70),(109253,'2009-05-01','3.83',70),(109254,'2009-04-01','3.50',70),(109255,'2009-03-01','3.96',70),(109256,'2009-02-01','4.52',70),(109257,'2009-01-01','5.24',70),(109258,'2008-12-01','5.82',70),(109259,'2008-11-01','6.68',70),(109260,'2008-10-01','6.74',70),(109261,'2008-09-01','7.67',70),(109262,'2008-08-01','8.26',70),(109263,'2008-07-01','11.09',70),(109264,'2008-06-01','12.69',70),(109265,'2008-05-01','11.27',70),(109266,'2008-04-01','10.18',70),(109267,'2008-03-01','9.41',70),(109268,'2008-02-01','8.54',70),(109269,'2008-01-01','7.99',70),(109270,'2007-12-01','7.11',70),(109271,'2007-11-01','7.10',70),(109272,'2007-10-01','6.74',70),(109273,'2007-09-01','6.08',70),(109274,'2007-08-01','6.22',70),(109275,'2007-07-01','6.22',70),(109276,'2007-06-01','7.35',70),(109277,'2007-05-01','7.64',70),(109278,'2007-04-01','7.60',70),(109279,'2007-03-01','7.11',70),(109280,'2007-02-01','8.00',70),(109281,'2007-01-01','6.55',70),(109282,'2006-12-01','6.73',70),(109283,'2006-11-01','7.41',70),(109284,'2006-10-01','5.85',70),(109285,'2006-09-01','4.90',70),(109286,'2006-08-01','7.14',70),(109287,'2006-07-01','6.17',70),(109288,'2006-06-01','6.21',70),(109289,'2006-05-01','6.25',70),(109290,'2006-04-01','7.16',70),(109291,'2006-03-01','6.89',70),(109292,'2006-02-01','7.54',70),(109293,'2006-01-01','8.69',70),(109294,'2005-12-01','13.05',70),(109295,'2005-11-01','10.30',70),(109296,'2005-10-01','13.42',70),(109297,'2005-09-01','11.75',70),(109298,'2005-08-01','9.53',70),(109299,'2005-07-01','7.63',70),(109300,'2005-06-01','7.18',70),(109301,'2005-05-01','6.47',70),(109302,'2005-04-01','7.16',70),(109303,'2005-03-01','6.96',70),(109304,'2005-02-01','6.14',70),(109305,'2005-01-01','6.15',70),(109306,'2004-12-01','6.58',70),(109307,'2004-11-01','6.17',70),(109308,'2004-10-01','6.35',70),(109309,'2004-09-01','5.15',70),(109310,'2004-08-01','5.41',70),(109311,'2004-07-01','5.93',70),(109312,'2004-06-01','6.27',70),(109313,'2004-05-01','6.33',70),(109314,'2004-04-01','5.71',70),(109315,'2004-03-01','5.39',70),(109316,'2004-02-01','5.37',70),(109317,'2004-01-01','6.14',70),(109318,'2003-12-01','6.13',70),(109319,'2003-11-01','4.47',70),(109320,'2003-10-01','4.63',70),(109321,'2003-09-01','4.62',70),(109322,'2003-08-01','4.99',70),(109323,'2003-07-01','5.03',70),(109324,'2003-06-01','5.82',70),(109325,'2003-05-01','5.81',70),(109326,'2003-04-01','5.26',70),(109327,'2003-03-01','5.93',70),(109328,'2003-02-01','7.71',70),(109329,'2003-01-01','5.43',70),(109330,'2002-12-01','4.74',70),(109331,'2002-11-01','4.04',70),(109332,'2002-10-01','4.13',70),(109333,'2002-09-01','3.55',70),(109334,'2002-08-01','3.09',70),(109335,'2002-07-01','2.99',70),(109336,'2002-06-01','3.26',70),(109337,'2002-05-01','3.50',70),(109338,'2002-04-01','3.43',70),(109339,'2002-03-01','3.03',70),(109340,'2002-02-01','2.32',70),(109341,'2002-01-01','2.32',70),(109342,'2001-12-01','2.30',70),(109343,'2001-11-01','2.34',70),(109344,'2001-10-01','2.46',70),(109345,'2001-09-01','2.19',70),(109346,'2001-08-01','2.97',70),(109347,'2001-07-01','3.11',70),(109348,'2001-06-01','3.72',70),(109349,'2001-05-01','4.19',70),(109350,'2001-04-01','5.19',70),(109351,'2001-03-01','5.23',70),(109352,'2001-02-01','5.61',70),(109353,'2001-01-01','8.17',70),(109354,'2000-12-01','8.90',70),(109355,'2000-11-01','5.52',70),(109356,'2000-10-01','5.02',70),(109357,'2000-09-01','5.06',70),(109358,'2000-08-01','4.43',70),(109359,'2000-07-01','3.99',70),(109360,'2000-06-01','4.29',70),(109361,'2000-05-01','3.59',70),(109362,'2000-04-01','3.04',70),(109363,'2000-03-01','2.79',70),(109364,'2000-02-01','2.66',70),(109365,'2000-01-01','2.42',70),(109366,'1999-12-01','2.36',70),(109367,'1999-11-01','2.37',70),(109368,'1999-10-01','2.73',70),(109369,'1999-09-01','2.55',70),(109370,'1999-08-01','2.80',70),(109371,'1999-07-01','2.31',70),(109372,'1999-06-01','2.30',70),(109373,'1999-05-01','2.26',70),(109374,'1999-04-01','2.15',70),(109375,'1999-03-01','1.79',70),(109376,'1999-02-01','1.77',70),(109377,'1999-01-01','1.85',70),(109378,'1998-12-01','1.72',70),(109379,'1998-11-01','2.12',70),(109380,'1998-10-01','1.91',70),(109381,'1998-09-01','2.02',70),(109382,'1998-08-01','1.85',70),(109383,'1998-07-01','2.17',70),(109384,'1998-06-01','2.17',70),(109385,'1998-05-01','2.14',70),(109386,'1998-04-01','2.43',70),(109387,'1998-03-01','2.24',70),(109388,'1998-02-01','2.23',70),(109389,'1998-01-01','2.09',70),(109390,'1997-12-01','2.35',70),(109391,'1997-11-01','3.01',70),(109392,'1997-10-01','3.07',70),(109393,'1997-09-01','2.88',70),(109394,'1997-08-01','2.49',70),(109395,'1997-07-01','2.19',70),(109396,'1997-06-01','2.20',70),(109397,'1997-05-01','2.25',70),(109398,'1997-04-01','2.03',70),(109399,'1997-03-01','1.89',70),(109400,'1997-02-01','2.15',70),(109401,'1997-01-01','3.45',70),(109402,'2023-10-01','90.6',71),(109403,'2023-09-01','93.72',71),(109404,'2023-08-01','86.15',71),(109405,'2023-07-01','80.11',71),(109406,'2023-06-01','74.84',71),(109407,'2023-05-01','75.47',71),(109408,'2023-04-01','84.64',71),(109409,'2023-03-01','78.43',71),(109410,'2023-02-01','82.59',71),(109411,'2023-01-01','82.5',71),(109412,'2022-12-01','80.92',71),(109413,'2022-11-01','91.42',71),(109414,'2022-10-01','93.33',71),(109415,'2022-09-01','89.76',71),(109416,'2022-08-01','100.45',71),(109417,'2022-07-01','111.93',71),(109418,'2022-06-01','122.71',71),(109419,'2022-05-01','113.34',71),(109420,'2022-04-01','104.58',71),(109421,'2022-03-01','117.25',71),(109422,'2022-02-01','97.13',71),(109423,'2022-01-01','86.51',71),(109424,'2021-12-01','74.17',71),(109425,'2021-11-01','81.05',71),(109426,'2021-10-01','83.54',71),(109427,'2021-09-01','74.49',71),(109428,'2021-08-01','70.75',71),(109429,'2021-07-01','75.17',71),(109430,'2021-06-01','73.16',71),(109431,'2021-05-01','68.53',71),(109432,'2021-04-01','64.81',71),(109433,'2021-03-01','65.41',71),(109434,'2021-02-01','62.28',71),(109435,'2021-01-01','54.77',71),(109436,'2020-12-01','49.99',71),(109437,'2020-11-01','42.69',71),(109438,'2020-10-01','40.19',71),(109439,'2020-09-01','40.91',71),(109440,'2020-08-01','44.74',71),(109441,'2020-07-01','43.24',71),(109442,'2020-06-01','40.27',71),(109443,'2020-05-01','29.38',71),(109444,'2020-04-01','18.38',71),(109445,'2020-03-01','32.01',71),(109446,'2020-02-01','55.66',71),(109447,'2020-01-01','63.65',71),(109448,'2019-12-01','67.31',71),(109449,'2019-11-01','63.21',71),(109450,'2019-10-01','59.71',71),(109451,'2019-09-01','62.83',71),(109452,'2019-08-01','59.04',71),(109453,'2019-07-01','63.92',71),(109454,'2019-06-01','64.22',71),(109455,'2019-05-01','71.32',71),(109456,'2019-04-01','71.23',71),(109457,'2019-03-01','66.14',71),(109458,'2019-02-01','63.96',71),(109459,'2019-01-01','59.41',71),(109460,'2018-12-01','57.36',71),(109461,'2018-11-01','64.75',71),(109462,'2018-10-01','81.03',71),(109463,'2018-09-01','78.89',71),(109464,'2018-08-01','72.53',71),(109465,'2018-07-01','74.25',71),(109466,'2018-06-01','74.41',71),(109467,'2018-05-01','76.98',71),(109468,'2018-04-01','72.11',71),(109469,'2018-03-01','66.02',71),(109470,'2018-02-01','65.32',71),(109471,'2018-01-01','69.08',71),(109472,'2017-12-01','64.37',71),(109473,'2017-11-01','62.71',71),(109474,'2017-10-01','57.51',71),(109475,'2017-09-01','56.15',71),(109476,'2017-08-01','51.70',71),(109477,'2017-07-01','48.48',71),(109478,'2017-06-01','46.37',71),(109479,'2017-05-01','50.33',71),(109480,'2017-04-01','52.31',71),(109481,'2017-03-01','51.59',71),(109482,'2017-02-01','54.87',71),(109483,'2017-01-01','54.58',71),(109484,'2016-12-01','53.31',71),(109485,'2016-11-01','44.73',71),(109486,'2016-10-01','49.52',71),(109487,'2016-09-01','46.57',71),(109488,'2016-08-01','45.84',71),(109489,'2016-07-01','44.95',71),(109490,'2016-06-01','48.25',71),(109491,'2016-05-01','46.74',71),(109492,'2016-04-01','41.58',71),(109493,'2016-03-01','38.21',71),(109494,'2016-02-01','32.18',71),(109495,'2016-01-01','30.70',71),(109496,'2015-12-01','38.01',71),(109497,'2015-11-01','44.27',71),(109498,'2015-10-01','48.43',71),(109499,'2015-09-01','47.62',71),(109500,'2015-08-01','46.52',71),(109501,'2015-07-01','56.56',71),(109502,'2015-06-01','61.48',71),(109503,'2015-05-01','64.08',71),(109504,'2015-04-01','59.52',71),(109505,'2015-03-01','55.89',71),(109506,'2015-02-01','58.10',71),(109507,'2015-01-01','47.76',71),(109508,'2014-12-01','62.34',71),(109509,'2014-11-01','79.44',71),(109510,'2014-10-01','87.43',71),(109511,'2014-09-01','97.09',71),(109512,'2014-08-01','101.61',71),(109513,'2014-07-01','106.77',71),(109514,'2014-06-01','111.80',71),(109515,'2014-05-01','109.54',71),(109516,'2014-04-01','107.76',71),(109517,'2014-03-01','107.48',71),(109518,'2014-02-01','108.90',71),(109519,'2014-01-01','108.12',71),(109520,'2013-12-01','110.76',71),(109521,'2013-11-01','107.79',71),(109522,'2013-10-01','109.08',71),(109523,'2013-09-01','111.60',71),(109524,'2013-08-01','111.28',71),(109525,'2013-07-01','107.93',71),(109526,'2013-06-01','102.92',71),(109527,'2013-05-01','102.56',71),(109528,'2013-04-01','102.25',71),(109529,'2013-03-01','108.47',71),(109530,'2013-02-01','116.05',71),(109531,'2013-01-01','112.96',71),(109532,'2012-12-01','109.49',71),(109533,'2012-11-01','109.06',71),(109534,'2012-10-01','111.71',71),(109535,'2012-09-01','112.86',71),(109536,'2012-08-01','113.36',71),(109537,'2012-07-01','102.62',71),(109538,'2012-06-01','95.16',71),(109539,'2012-05-01','110.34',71),(109540,'2012-04-01','119.75',71),(109541,'2012-03-01','125.45',71),(109542,'2012-02-01','119.33',71),(109543,'2012-01-01','110.69',71),(109544,'2011-12-01','107.87',71),(109545,'2011-11-01','110.77',71),(109546,'2011-10-01','109.55',71),(109547,'2011-09-01','112.83',71),(109548,'2011-08-01','110.22',71),(109549,'2011-07-01','116.97',71),(109550,'2011-06-01','113.83',71),(109551,'2011-05-01','114.99',71),(109552,'2011-04-01','123.26',71),(109553,'2011-03-01','114.64',71),(109554,'2011-02-01','103.72',71),(109555,'2011-01-01','96.52',71),(109556,'2010-12-01','91.45',71),(109557,'2010-11-01','85.28',71),(109558,'2010-10-01','82.67',71),(109559,'2010-09-01','77.84',71),(109560,'2010-08-01','77.04',71),(109561,'2010-07-01','75.58',71),(109562,'2010-06-01','74.76',71),(109563,'2010-05-01','75.95',71),(109564,'2010-04-01','84.82',71),(109565,'2010-03-01','78.83',71),(109566,'2010-02-01','73.75',71),(109567,'2010-01-01','76.17',71),(109568,'2009-12-01','74.46',71),(109569,'2009-11-01','76.66',71),(109570,'2009-10-01','72.77',71),(109571,'2009-09-01','67.65',71),(109572,'2009-08-01','72.51',71),(109573,'2009-07-01','64.44',71),(109574,'2009-06-01','68.61',71),(109575,'2009-05-01','57.30',71),(109576,'2009-04-01','50.18',71),(109577,'2009-03-01','46.54',71),(109578,'2009-02-01','43.32',71),(109579,'2009-01-01','43.44',71),(109580,'2008-12-01','39.95',71),(109581,'2008-11-01','52.45',71),(109582,'2008-10-01','71.58',71),(109583,'2008-09-01','97.23',71),(109584,'2008-08-01','113.24',71),(109585,'2008-07-01','132.72',71),(109586,'2008-06-01','132.32',71),(109587,'2008-05-01','122.80',71),(109588,'2008-04-01','109.07',71),(109589,'2008-03-01','103.64',71),(109590,'2008-02-01','94.99',71),(109591,'2008-01-01','92.18',71),(109592,'2007-12-01','90.93',71),(109593,'2007-11-01','92.41',71),(109594,'2007-10-01','82.34',71),(109595,'2007-09-01','77.17',71),(109596,'2007-08-01','70.76',71),(109597,'2007-07-01','76.93',71),(109598,'2007-06-01','71.05',71),(109599,'2007-05-01','67.21',71),(109600,'2007-04-01','67.49',71),(109601,'2007-03-01','62.05',71),(109602,'2007-02-01','57.56',71),(109603,'2007-01-01','53.68',71),(109604,'2006-12-01','62.47',71),(109605,'2006-11-01','58.76',71),(109606,'2006-10-01','57.81',71),(109607,'2006-09-01','61.96',71),(109608,'2006-08-01','73.23',71),(109609,'2006-07-01','73.67',71),(109610,'2006-06-01','68.56',71),(109611,'2006-05-01','69.78',71),(109612,'2006-04-01','70.26',71),(109613,'2006-03-01','62.06',71),(109614,'2006-02-01','60.21',71),(109615,'2006-01-01','62.99',71),(109616,'2005-12-01','56.86',71),(109617,'2005-11-01','55.24',71),(109618,'2005-10-01','58.54',71),(109619,'2005-09-01','62.91',71),(109620,'2005-08-01','63.98',71),(109621,'2005-07-01','57.52',71),(109622,'2005-06-01','54.35',71),(109623,'2005-05-01','48.65',71),(109624,'2005-04-01','51.88',71),(109625,'2005-03-01','53.10',71),(109626,'2005-02-01','45.48',71),(109627,'2005-01-01','44.51',71),(109628,'2004-12-01','39.60',71),(109629,'2004-11-01','43.11',71),(109630,'2004-10-01','49.78',71),(109631,'2004-09-01','43.20',71),(109632,'2004-08-01','42.74',71),(109633,'2004-07-01','38.22',71),(109634,'2004-06-01','35.18',71),(109635,'2004-05-01','37.57',71),(109636,'2004-04-01','33.59',71),(109637,'2004-03-01','33.63',71),(109638,'2004-02-01','30.86',71),(109639,'2004-01-01','31.28',71),(109640,'2003-12-01','29.81',71),(109641,'2003-11-01','28.75',71),(109642,'2003-10-01','29.61',71),(109643,'2003-09-01','27.11',71),(109644,'2003-08-01','29.89',71),(109645,'2003-07-01','28.35',71),(109646,'2003-06-01','27.65',71),(109647,'2003-05-01','25.86',71),(109648,'2003-04-01','25.00',71),(109649,'2003-03-01','30.61',71),(109650,'2003-02-01','32.77',71),(109651,'2003-01-01','31.18',71),(109652,'2002-12-01','28.33',71),(109653,'2002-11-01','24.34',71),(109654,'2002-10-01','27.54',71),(109655,'2002-09-01','28.40',71),(109656,'2002-08-01','26.65',71),(109657,'2002-07-01','25.74',71),(109658,'2002-06-01','24.08',71),(109659,'2002-05-01','25.35',71),(109660,'2002-04-01','25.73',71),(109661,'2002-03-01','23.70',71),(109662,'2002-02-01','20.28',71),(109663,'2002-01-01','19.42',71),(109664,'2001-12-01','18.71',71),(109665,'2001-11-01','18.80',71),(109666,'2001-10-01','20.54',71),(109667,'2001-09-01','25.62',71),(109668,'2001-08-01','25.68',71),(109669,'2001-07-01','24.61',71),(109670,'2001-06-01','27.85',71),(109671,'2001-05-01','28.31',71),(109672,'2001-04-01','25.66',71),(109673,'2001-03-01','24.50',71),(109674,'2001-02-01','27.50',71),(109675,'2001-01-01','25.62',71),(109676,'2000-12-01','25.66',71),(109677,'2000-11-01','32.55',71),(109678,'2000-10-01','30.96',71),(109679,'2000-09-01','33.14',71),(109680,'2000-08-01','30.20',71),(109681,'2000-07-01','28.68',71),(109682,'2000-06-01','29.80',71),(109683,'2000-05-01','27.74',71),(109684,'2000-04-01','22.76',71),(109685,'2000-03-01','27.49',71),(109686,'2000-02-01','27.78',71),(109687,'2000-01-01','25.51',71),(109688,'1999-12-01','25.47',71),(109689,'1999-11-01','24.58',71),(109690,'1999-10-01','22.00',71),(109691,'1999-09-01','22.54',71),(109692,'1999-08-01','20.22',71),(109693,'1999-07-01','19.08',71),(109694,'1999-06-01','15.86',71),(109695,'1999-05-01','15.23',71),(109696,'1999-04-01','15.29',71),(109697,'1999-03-01','12.51',71),(109698,'1999-02-01','10.27',71),(109699,'1999-01-01','11.11',71),(109700,'1998-12-01','9.82',71),(109701,'1998-11-01','11.04',71),(109702,'1998-10-01','12.70',71),(109703,'1998-09-01','13.34',71),(109704,'1998-08-01','11.91',71),(109705,'1998-07-01','12.08',71),(109706,'1998-06-01','12.21',71),(109707,'1998-05-01','14.36',71),(109708,'1998-04-01','13.53',71),(109709,'1998-03-01','13.10',71),(109710,'1998-02-01','14.07',71),(109711,'1998-01-01','15.19',71),(109712,'1997-12-01','17.18',71),(109713,'1997-11-01','19.17',71),(109714,'1997-10-01','19.87',71),(109715,'1997-09-01','18.46',71),(109716,'1997-08-01','18.60',71),(109717,'1997-07-01','18.46',71),(109718,'1997-06-01','17.58',71),(109719,'1997-05-01','19.02',71),(109720,'1997-04-01','17.56',71),(109721,'1997-03-01','19.13',71),(109722,'1997-02-01','20.85',71),(109723,'1997-01-01','23.54',71),(109724,'1996-12-01','23.78',71),(109725,'1996-11-01','22.76',71),(109726,'1996-10-01','24.16',71),(109727,'1996-09-01','22.63',71),(109728,'1996-08-01','20.51',71),(109729,'1996-07-01','19.57',71),(109730,'1996-06-01','18.46',71),(109731,'1996-05-01','19.15',71),(109732,'1996-04-01','20.90',71),(109733,'1996-03-01','19.85',71),(109734,'1996-02-01','18.00',71),(109735,'1996-01-01','17.85',71),(109736,'1995-12-01','17.93',71),(109737,'1995-11-01','16.86',71),(109738,'1995-10-01','16.11',71),(109739,'1995-09-01','16.70',71),(109740,'1995-08-01','16.10',71),(109741,'1995-07-01','15.85',71),(109742,'1995-06-01','17.31',71),(109743,'1995-05-01','18.35',71),(109744,'1995-04-01','18.65',71),(109745,'1995-03-01','17.01',71),(109746,'1995-02-01','17.11',71),(109747,'1995-01-01','16.55',71),(109748,'1994-12-01','15.93',71),(109749,'1994-11-01','17.19',71),(109750,'1994-10-01','16.49',71),(109751,'1994-09-01','15.90',71),(109752,'1994-08-01','16.89',71),(109753,'1994-07-01','17.60',71),(109754,'1994-06-01','16.76',71),(109755,'1994-05-01','16.19',71),(109756,'1994-04-01','15.23',71),(109757,'1994-03-01','13.82',71),(109758,'1994-02-01','13.80',71),(109759,'1994-01-01','14.29',71),(109760,'1993-12-01','13.73',71),(109761,'1993-11-01','15.20',71),(109762,'1993-10-01','16.61',71),(109763,'1993-09-01','16.01',71),(109764,'1993-08-01','16.70',71),(109765,'1993-07-01','16.78',71),(109766,'1993-06-01','17.65',71),(109767,'1993-05-01','18.51',71),(109768,'1993-04-01','18.67',71),(109769,'1993-03-01','18.79',71),(109770,'1993-02-01','18.47',71),(109771,'1993-01-01','17.39',71),(109772,'1992-12-01','18.14',71),(109773,'1992-11-01','19.21',71),(109774,'1992-10-01','20.26',71),(109775,'1992-09-01','20.27',71),(109776,'1992-08-01','19.74',71),(109777,'1992-07-01','20.24',71),(109778,'1992-06-01','21.16',71),(109779,'1992-05-01','19.89',71),(109780,'1992-04-01','18.92',71),(109781,'1992-03-01','17.63',71),(109782,'1992-02-01','18.05',71),(109783,'1992-01-01','18.16',71),(109784,'1991-12-01','18.41',71),(109785,'1991-11-01','21.11',71),(109786,'1991-10-01','22.21',71),(109787,'1991-09-01','20.50',71),(109788,'1991-08-01','19.77',71),(109789,'1991-07-01','19.40',71),(109790,'1991-06-01','18.17',71),(109791,'1991-05-01','19.19',71),(109792,'1991-04-01','19.18',71),(109793,'1991-03-01','19.08',71),(109794,'1991-02-01','19.54',71),(109795,'1991-01-01','23.57',71),(109796,'1990-12-01','28.27',71),(109797,'1990-11-01','33.07',71),(109798,'1990-10-01','36.02',71),(109799,'1990-09-01','34.90',71),(109800,'1990-08-01','27.17',71),(109801,'1990-07-01','17.17',71),(109802,'1990-06-01','15.10',71),(109803,'1990-05-01','16.35',71),(109804,'1990-04-01','16.61',71),(109805,'1990-03-01','18.39',71),(109806,'1990-02-01','19.81',71),(109807,'1990-01-01','21.25',71),(109808,'1989-12-01','19.84',71),(109809,'1989-11-01','18.73',71),(109810,'1989-10-01','18.91',71),(109811,'1989-09-01','17.77',71),(109812,'1989-08-01','16.77',71),(109813,'1989-07-01','17.62',71),(109814,'1989-06-01','17.67',71),(109815,'1989-05-01','18.63',71),(109816,'1989-04-01','20.32',71),(109817,'1989-03-01','18.70',71),(109818,'1989-02-01','16.89',71),(109819,'1989-01-01','17.17',71),(109820,'1988-12-01','15.31',71),(109821,'1988-11-01','13.02',71),(109822,'1988-10-01','12.41',71),(109823,'1988-09-01','13.18',71),(109824,'1988-08-01','14.89',71),(109825,'1988-07-01','14.91',71),(109826,'1988-06-01','15.54',71),(109827,'1988-05-01','16.31',71),(109828,'1988-04-01','16.60',71),(109829,'1988-03-01','14.73',71),(109830,'1988-02-01','15.73',71),(109831,'1988-01-01','16.75',71),(109832,'1987-12-01','17.05',71),(109833,'1987-11-01','17.78',71),(109834,'1987-10-01','18.76',71),(109835,'1987-09-01','18.31',71),(109836,'1987-08-01','18.98',71),(109837,'1987-07-01','19.86',71),(109838,'1987-06-01','18.86',71),(109839,'1987-05-01','18.58',71);
/*!40000 ALTER TABLE `data_point` ENABLE KEYS */;
UNLOCK TABLES;

--
-- Table structure for table `forecasts`
--

DROP TABLE IF EXISTS `forecasts`;
/*!40101 SET @saved_cs_client     = @@character_set_client */;
/*!50503 SET character_set_client = utf8mb4 */;
CREATE TABLE `forecasts` (
  `id` int NOT NULL AUTO_INCREMENT,
  `commodity_id` int DEFAULT NULL,
  `forecast_date` datetime DEFAULT NULL,
  `forecast_value` float DEFAULT NULL,
  PRIMARY KEY (`id`)
) ENGINE=InnoDB AUTO_INCREMENT=14105 DEFAULT CHARSET=utf8mb4 COLLATE=utf8mb4_0900_ai_ci;
/*!40101 SET character_set_client = @saved_cs_client */;

--
-- Dumping data for table `forecasts`
--

LOCK TABLES `forecasts` WRITE;
/*!40000 ALTER TABLE `forecasts` DISABLE KEYS */;
INSERT INTO `forecasts` VALUES (14045,67,'2023-11-01 00:00:00',7855.25),(14046,67,'2023-12-01 00:00:00',7806.1),(14047,67,'2024-01-01 00:00:00',7788.45),(14048,67,'2024-02-01 00:00:00',7785.39),(14049,67,'2024-03-01 00:00:00',7764.47),(14050,67,'2024-04-01 00:00:00',7705.51),(14051,67,'2024-05-01 00:00:00',7647.92),(14052,67,'2024-06-01 00:00:00',7653.41),(14053,67,'2024-07-01 00:00:00',7724.67),(14054,67,'2024-08-01 00:00:00',7754.4),(14055,67,'2024-09-01 00:00:00',7739.64),(14056,67,'2024-10-01 00:00:00',7586.06),(14057,68,'2023-11-01 00:00:00',2159.44),(14058,68,'2023-12-01 00:00:00',2159.06),(14059,68,'2024-01-01 00:00:00',2176.26),(14060,68,'2024-02-01 00:00:00',2162.9),(14061,68,'2024-03-01 00:00:00',2143.65),(14062,68,'2024-04-01 00:00:00',2124.54),(14063,68,'2024-05-01 00:00:00',2073.75),(14064,68,'2024-06-01 00:00:00',2042.79),(14065,68,'2024-07-01 00:00:00',2060.88),(14066,68,'2024-08-01 00:00:00',2088.18),(14067,68,'2024-09-01 00:00:00',2080.03),(14068,68,'2024-10-01 00:00:00',2071.59),(14069,69,'2023-11-01 00:00:00',216.068),(14070,69,'2023-12-01 00:00:00',218.251),(14071,69,'2024-01-01 00:00:00',218.913),(14072,69,'2024-02-01 00:00:00',221.219),(14073,69,'2024-03-01 00:00:00',220.791),(14074,69,'2024-04-01 00:00:00',220.507),(14075,69,'2024-05-01 00:00:00',223.552),(14076,69,'2024-06-01 00:00:00',218.852),(14077,69,'2024-07-01 00:00:00',216.425),(14078,69,'2024-08-01 00:00:00',215.936),(14079,69,'2024-09-01 00:00:00',216.935),(14080,69,'2024-10-01 00:00:00',217.901),(14081,70,'2023-11-01 00:00:00',2.92641),(14082,70,'2023-12-01 00:00:00',3.20178),(14083,70,'2024-01-01 00:00:00',2.96823),(14084,70,'2024-02-01 00:00:00',2.88527),(14085,70,'2024-03-01 00:00:00',2.63527),(14086,70,'2024-04-01 00:00:00',2.77119),(14087,70,'2024-05-01 00:00:00',2.89008),(14088,70,'2024-06-01 00:00:00',2.98748),(14089,70,'2024-07-01 00:00:00',2.80933),(14090,70,'2024-08-01 00:00:00',2.85192),(14091,70,'2024-09-01 00:00:00',2.81747),(14092,70,'2024-10-01 00:00:00',2.95858),(14093,71,'2023-11-01 00:00:00',89.1701),(14094,71,'2023-12-01 00:00:00',87.9188),(14095,71,'2024-01-01 00:00:00',88.5026),(14096,71,'2024-02-01 00:00:00',89.6455),(14097,71,'2024-03-01 00:00:00',90.7033),(14098,71,'2024-04-01 00:00:00',91.3696),(14099,71,'2024-05-01 00:00:00',92.2392),(14100,71,'2024-06-01 00:00:00',92.6752),(14101,71,'2024-07-01 00:00:00',93.2716),(14102,71,'2024-08-01 00:00:00',93.0134),(14103,71,'2024-09-01 00:00:00',93.024),(14104,71,'2024-10-01 00:00:00',92.5996);
/*!40000 ALTER TABLE `forecasts` ENABLE KEYS */;
UNLOCK TABLES;
/*!40103 SET TIME_ZONE=@OLD_TIME_ZONE */;

/*!40101 SET SQL_MODE=@OLD_SQL_MODE */;
/*!40014 SET FOREIGN_KEY_CHECKS=@OLD_FOREIGN_KEY_CHECKS */;
/*!40014 SET UNIQUE_CHECKS=@OLD_UNIQUE_CHECKS */;
/*!40101 SET CHARACTER_SET_CLIENT=@OLD_CHARACTER_SET_CLIENT */;
/*!40101 SET CHARACTER_SET_RESULTS=@OLD_CHARACTER_SET_RESULTS */;
/*!40101 SET COLLATION_CONNECTION=@OLD_COLLATION_CONNECTION */;
/*!40111 SET SQL_NOTES=@OLD_SQL_NOTES */;

-- Dump completed on 2023-11-19 15:47:22
