-- MySQL dump 10.13  Distrib 8.0.33, for Win64 (x86_64)
--
-- Host: localhost    Database: commodity
-- ------------------------------------------------------
-- Server version	8.0.33

/*!40101 SET @OLD_CHARACTER_SET_CLIENT=@@CHARACTER_SET_CLIENT */;
/*!40101 SET @OLD_CHARACTER_SET_RESULTS=@@CHARACTER_SET_RESULTS */;
/*!40101 SET @OLD_COLLATION_CONNECTION=@@COLLATION_CONNECTION */;
/*!50503 SET NAMES utf8 */;
/*!40103 SET @OLD_TIME_ZONE=@@TIME_ZONE */;
/*!40103 SET TIME_ZONE='+00:00' */;
/*!40014 SET @OLD_UNIQUE_CHECKS=@@UNIQUE_CHECKS, UNIQUE_CHECKS=0 */;
/*!40014 SET @OLD_FOREIGN_KEY_CHECKS=@@FOREIGN_KEY_CHECKS, FOREIGN_KEY_CHECKS=0 */;
/*!40101 SET @OLD_SQL_MODE=@@SQL_MODE, SQL_MODE='NO_AUTO_VALUE_ON_ZERO' */;
/*!40111 SET @OLD_SQL_NOTES=@@SQL_NOTES, SQL_NOTES=0 */;

--
-- Table structure for table `adf_results`
--

DROP TABLE IF EXISTS `adf_results`;
/*!40101 SET @saved_cs_client     = @@character_set_client */;
/*!50503 SET character_set_client = utf8mb4 */;
CREATE TABLE `adf_results` (
  `id` int NOT NULL AUTO_INCREMENT,
  `commodity_id` int DEFAULT NULL,
  `adf_statistic` float DEFAULT NULL,
  `p_value` float DEFAULT NULL,
  `critical_value_1_percent` float DEFAULT NULL,
  `critical_value_5_percent` float DEFAULT NULL,
  `critical_value_10_percent` float DEFAULT NULL,
  `is_stationary` tinyint(1) DEFAULT NULL,
  PRIMARY KEY (`id`)
) ENGINE=InnoDB AUTO_INCREMENT=1265 DEFAULT CHARSET=utf8mb4 COLLATE=utf8mb4_0900_ai_ci;
/*!40101 SET character_set_client = @saved_cs_client */;

--
-- Dumping data for table `adf_results`
--

LOCK TABLES `adf_results` WRITE;
/*!40000 ALTER TABLE `adf_results` DISABLE KEYS */;
INSERT INTO `adf_results` VALUES (1260,72,-1.25495,0.649524,-3.44714,-2.86894,-2.57071,0),(1261,73,-2.9673,0.0380632,-3.44664,-2.86872,-2.5706,1),(1262,74,-2.87598,0.048213,-3.44689,-2.86883,-2.57065,1),(1263,75,-3.18028,0.021155,-3.45121,-2.87073,-2.57167,1),(1264,76,-1.66886,0.447221,-3.44561,-2.86827,-2.57035,0);
/*!40000 ALTER TABLE `adf_results` ENABLE KEYS */;
UNLOCK TABLES;

--
-- Table structure for table `commodity_data`
--

DROP TABLE IF EXISTS `commodity_data`;
/*!40101 SET @saved_cs_client     = @@character_set_client */;
/*!50503 SET character_set_client = utf8mb4 */;
CREATE TABLE `commodity_data` (
  `id` bigint NOT NULL AUTO_INCREMENT,
  `commodity_type` varchar(255) DEFAULT NULL,
  `name` varchar(255) DEFAULT NULL,
  `interval_column` varchar(255) DEFAULT NULL,
  `unit` varchar(255) DEFAULT NULL,
  PRIMARY KEY (`id`),
  UNIQUE KEY `commodityType` (`commodity_type`)
) ENGINE=InnoDB AUTO_INCREMENT=77 DEFAULT CHARSET=utf8mb4 COLLATE=utf8mb4_0900_ai_ci;
/*!40101 SET character_set_client = @saved_cs_client */;

--
-- Dumping data for table `commodity_data`
--

LOCK TABLES `commodity_data` WRITE;
/*!40000 ALTER TABLE `commodity_data` DISABLE KEYS */;
INSERT INTO `commodity_data` VALUES (72,'COPPER','Global Price of Copper','monthly','dollar per metric ton'),(73,'ALUMINUM','Global Price of Aluminum','monthly','dollar per metric ton'),(74,'WHEAT','Global Price of Wheat','monthly','dollar per metric ton'),(75,'NATURAL_GAS','Henry Hub Natural Gas Spot Price','monthly','dollars per million BTU'),(76,'BRENT','Crude Oil Prices Brent','monthly','dollars per barrel');
/*!40000 ALTER TABLE `commodity_data` ENABLE KEYS */;
UNLOCK TABLES;

--
-- Table structure for table `data_point`
--

DROP TABLE IF EXISTS `data_point`;
/*!40101 SET @saved_cs_client     = @@character_set_client */;
/*!50503 SET character_set_client = utf8mb4 */;
CREATE TABLE `data_point` (
  `id` bigint NOT NULL AUTO_INCREMENT,
  `date` date DEFAULT NULL,
  `value_column` varchar(255) DEFAULT NULL,
  `commodity_id` bigint DEFAULT NULL,
  PRIMARY KEY (`id`),
  KEY `commodity_id` (`commodity_id`),
  CONSTRAINT `data_point_ibfk_1` FOREIGN KEY (`commodity_id`) REFERENCES `commodity_data` (`id`) ON DELETE CASCADE
) ENGINE=InnoDB AUTO_INCREMENT=111818 DEFAULT CHARSET=utf8mb4 COLLATE=utf8mb4_0900_ai_ci;
/*!40101 SET character_set_client = @saved_cs_client */;

--
-- Dumping data for table `data_point`
--

LOCK TABLES `data_point` WRITE;
/*!40000 ALTER TABLE `data_point` DISABLE KEYS */;
INSERT INTO `data_point` VALUES (109840,'2023-10-01','7941.35590909091',72),(109841,'2023-09-01','8276.71380952381',72),(109842,'2023-08-01','8347.82826086957',72),(109843,'2023-07-01','8476.67904761905',72),(109844,'2023-06-01','8396.51772727273',72),(109845,'2023-05-01','8243.15608695652',72),(109846,'2023-04-01','8809.1575',72),(109847,'2023-03-01','8856.31086956522',72),(109848,'2023-02-01','8936.587',72),(109849,'2023-01-01','9007.34636363636',72),(109850,'2022-12-01','8371.09136363636',72),(109851,'2022-11-01','8049.86136363636',72),(109852,'2022-10-01','7651.08285714286',72),(109853,'2022-09-01','7746.01136363636',72),(109854,'2022-08-01','7990.81217391304',72),(109855,'2022-07-01','7544.80952380952',72),(109856,'2022-06-01','9067.55181818182',72),(109857,'2022-05-01','9395.02727272727',72),(109858,'2022-04-01','10174.3476190476',72),(109859,'2022-03-01','10230.8939130435',72),(109860,'2022-02-01','9943.175',72),(109861,'2022-01-01','9782.3375',72),(109862,'2021-12-01','9551.18',72),(109863,'2021-11-01','9728.90454545454',72),(109864,'2021-10-01','9829.21904761905',72),(109865,'2021-09-01','9324.70954545455',72),(109866,'2021-08-01','9370.13857142857',72),(109867,'2021-07-01','9450.82045454546',72),(109868,'2021-06-01','9631.5',72),(109869,'2021-05-01','10166.285',72),(109870,'2021-04-01','9324.8175',72),(109871,'2021-03-01','8988.24782608696',72),(109872,'2021-02-01','8470.94',72),(109873,'2021-01-01','7972.1475',72),(109874,'2020-12-01','7772.2380952381',72),(109875,'2020-11-01','7068.90714285714',72),(109876,'2020-10-01','6713.81136363636',72),(109877,'2020-09-01','6704.9',72),(109878,'2020-08-01','6508.39285714286',72),(109879,'2020-07-01','6372.46086956522',72),(109880,'2020-06-01','5754.59545454546',72),(109881,'2020-05-01','5239.82631578947',72),(109882,'2020-04-01','5057.972',72),(109883,'2020-03-01','5182.63181818182',72),(109884,'2020-02-01','5687.75',72),(109885,'2020-01-01','6031.20909090909',72),(109886,'2019-12-01','6077.0625',72),(109887,'2019-11-01','5859.95238095238',72),(109888,'2019-10-01','5757.29782608696',72),(109889,'2019-09-01','5759.25',72),(109890,'2019-08-01','5709.44047619048',72),(109891,'2019-07-01','5941.19565217391',72),(109892,'2019-06-01','5882.225',72),(109893,'2019-05-01','6017.90476190476',72),(109894,'2019-04-01','6438.3625',72),(109895,'2019-03-01','6439.46428571429',72),(109896,'2019-02-01','6300.4875',72),(109897,'2019-01-01','5939.10227272727',72),(109898,'2018-12-01','6075.31578947368',72),(109899,'2018-11-01','6195.92045454546',72),(109900,'2018-10-01','6219.58695652174',72),(109901,'2018-09-01','6050.7625',72),(109902,'2018-08-01','6051.04545454546',72),(109903,'2018-07-01','6250.75',72),(109904,'2018-06-01','6965.85714285714',72),(109905,'2018-05-01','6825.27380952381',72),(109906,'2018-04-01','6851.5125',72),(109907,'2018-03-01','6799.17857142857',72),(109908,'2018-02-01','7006.525',72),(109909,'2018-01-01','7065.85227272727',72),(109910,'2017-12-01','6833.89473684211',72),(109911,'2017-11-01','6826.54545454546',72),(109912,'2017-10-01','6807.60227272727',72),(109913,'2017-09-01','6577.16666666667',72),(109914,'2017-08-01','6485.625',72),(109915,'2017-07-01','5985.11904761905',72),(109916,'2017-06-01','5719.76136363636',72),(109917,'2017-05-01','5599.55952380952',72),(109918,'2017-04-01','5683.90277777778',72),(109919,'2017-03-01','5824.63043478261',72),(109920,'2017-02-01','5940.9125',72),(109921,'2017-01-01','5754.55952380952',72),(109922,'2016-12-01','5660.35',72),(109923,'2016-11-01','5450.93181818182',72),(109924,'2016-10-01','4731.2619047619',72),(109925,'2016-09-01','4722.20454545455',72),(109926,'2016-08-01','4751.67045454546',72),(109927,'2016-07-01','4864.90476190476',72),(109928,'2016-06-01','4641.96590909091',72),(109929,'2016-05-01','4694.5375',72),(109930,'2016-04-01','4872.7380952381',72),(109931,'2016-03-01','4953.79761904762',72),(109932,'2016-02-01','4598.61904761905',72),(109933,'2016-01-01','4471.7875',72),(109934,'2015-12-01','4638.83333333333',72),(109935,'2015-11-01','4799.90476190476',72),(109936,'2015-10-01','5216.09090909091',72),(109937,'2015-09-01','5217.25',72),(109938,'2015-08-01','5127.3',72),(109939,'2015-07-01','5456.75',72),(109940,'2015-06-01','5833.01136363636',72),(109941,'2015-05-01','6294.77631578947',72),(109942,'2015-04-01','6042.0875',72),(109943,'2015-03-01','5939.67045454546',72),(109944,'2015-02-01','5729.275',72),(109945,'2015-01-01','5830.53571428571',72),(109946,'2014-12-01','6446.45238095238',72),(109947,'2014-11-01','6712.85',72),(109948,'2014-10-01','6737.47826086957',72),(109949,'2014-09-01','6872.21590909091',72),(109950,'2014-08-01','7001.8375',72),(109951,'2014-07-01','7113.38043478261',72),(109952,'2014-06-01','6821.14285714286',72),(109953,'2014-05-01','6891.125',72),(109954,'2014-04-01','6673.5625',72),(109955,'2014-03-01','6650.03571428571',72),(109956,'2014-02-01','7149.2125',72),(109957,'2014-01-01','7291.46590909091',72),(109958,'2013-12-01','7214.9',72),(109959,'2013-11-01','7070.65476190476',72),(109960,'2013-10-01','7203.02173913044',72),(109961,'2013-09-01','7159.26904761905',72),(109962,'2013-08-01','7186.25',72),(109963,'2013-07-01','6906.64130434783',72),(109964,'2013-06-01','7000.2375',72),(109965,'2013-05-01','7248.71428571429',72),(109966,'2013-04-01','7221.1619047619',72),(109967,'2013-03-01','7652.375',72),(109968,'2013-02-01','8060.925',72),(109969,'2013-01-01','8053.73863636364',72),(109970,'2012-12-01','7966.48684210526',72),(109971,'2012-11-01','7711.22727272727',72),(109972,'2012-10-01','8062.03260869565',72),(109973,'2012-09-01','8087.7425',72),(109974,'2012-08-01','7510.43181818182',72),(109975,'2012-07-01','7584.26136363636',72),(109976,'2012-06-01','7428.28947368421',72),(109977,'2012-05-01','7896.90909090909',72),(109978,'2012-04-01','8285.52631578947',72),(109979,'2012-03-01','8470.78409090909',72),(109980,'2012-02-01','8441.4880952381',72),(109981,'2012-01-01','8061.91666666667',72),(109982,'2011-12-01','7558.875',72),(109983,'2011-11-01','7581.02272727273',72),(109984,'2011-10-01','7394.19047619048',72),(109985,'2011-09-01','8300.13636363636',72),(109986,'2011-08-01','8997.98863636364',72),(109987,'2011-07-01','9650.46428571429',72),(109988,'2011-06-01','9066.85227272727',72),(109989,'2011-05-01','8931.675',72),(109990,'2011-04-01','9482.75',72),(109991,'2011-03-01','9503.35869565217',72),(109992,'2011-02-01','9880.9375',72),(109993,'2011-01-01','9533.2',72),(109994,'2010-12-01','9152.85714285714',72),(109995,'2010-11-01','8458.42045454545',72),(109996,'2010-10-01','8289.7619047619',72),(109997,'2010-09-01','7729.59090909091',72),(109998,'2010-08-01','7302.66666666667',72),(109999,'2010-07-01','6750.56818181818',72),(110000,'2010-06-01','6501.5',72),(110001,'2010-05-01','6843.15789473684',72),(110002,'2010-04-01','7729.8375',72),(110003,'2010-03-01','7466.9347826087',72),(110004,'2010-02-01','6867.675',72),(110005,'2010-01-01','7367.375',72),(110006,'2009-12-01','6976.97619047619',72),(110007,'2009-11-01','6682.44047619048',72),(110008,'2009-10-01','6305.98863636364',72),(110009,'2009-09-01','6195.75',72),(110010,'2009-08-01','6176.875',72),(110011,'2009-07-01','5228.41304347826',72),(110012,'2009-06-01','5015.43181818182',72),(110013,'2009-05-01','4591.46052631579',72),(110014,'2009-04-01','4436.925',72),(110015,'2009-03-01','3770.875',72),(110016,'2009-02-01','3328.4125',72),(110017,'2009-01-01','3260.35714285714',72),(110018,'2008-12-01','3105.09523809524',72),(110019,'2008-11-01','3729.1875',72),(110020,'2008-10-01','4894.89130434783',72),(110021,'2008-09-01','6975.11363636364',72),(110022,'2008-08-01','7633.8',72),(110023,'2008-07-01','8407.02173913043',72),(110024,'2008-06-01','8292',72),(110025,'2008-05-01','8356.125',72),(110026,'2008-04-01','8714.18181818182',72),(110027,'2008-03-01','8434.31578947368',72),(110028,'2008-02-01','7941.14285714286',72),(110029,'2008-01-01','7078.90909090909',72),(110030,'2007-12-01','6630.73611111111',72),(110031,'2007-11-01','6957.43181818182',72),(110032,'2007-10-01','8020.58695652174',72),(110033,'2007-09-01','7671.35',72),(110034,'2007-08-01','7500.20454545455',72),(110035,'2007-07-01','7980.93181818182',72),(110036,'2007-06-01','7514.2380952381',72),(110037,'2007-05-01','7677.95238095238',72),(110038,'2007-04-01','7753.34210526316',72),(110039,'2007-03-01','6465.29545454546',72),(110040,'2007-02-01','5718.15',72),(110041,'2007-01-01','5689.34090909091',72),(110042,'2006-12-01','6680.97368421053',72),(110043,'2006-11-01','7029.29545454546',72),(110044,'2006-10-01','7497.40909090909',72),(110045,'2006-09-01','7622.64285714286',72),(110046,'2006-08-01','7690.25',72),(110047,'2006-07-01','7726.7380952381',72),(110048,'2006-06-01','7222.77272727273',72),(110049,'2006-05-01','8059.19047619048',72),(110050,'2006-04-01','6404.44444444444',72),(110051,'2006-03-01','5123.67391304348',72),(110052,'2006-02-01','4974.975',72),(110053,'2006-01-01','4743.85714285714',72),(110054,'2005-12-01','4577.025',72),(110055,'2005-11-01','4278.15909090909',72),(110056,'2005-10-01','4056.16666666667',72),(110057,'2005-09-01','3850.65909090909',72),(110058,'2005-08-01','3791.90909090909',72),(110059,'2005-07-01','3608.47619047619',72),(110060,'2005-06-01','3529.72727272727',72),(110061,'2005-05-01','3241.9',72),(110062,'2005-04-01','3389.80952380952',72),(110063,'2005-03-01','3378.90476190476',72),(110064,'2005-02-01','3247.1',72),(110065,'2005-01-01','3168.1',72),(110066,'2004-12-01','3139.78571428571',72),(110067,'2004-11-01','3130.30909090909',72),(110068,'2004-10-01','3009.40476190476',72),(110069,'2004-09-01','2903.17045454545',72),(110070,'2004-08-01','2844.20238095238',72),(110071,'2004-07-01','2816.79545454545',72),(110072,'2004-06-01','2689.04545454545',72),(110073,'2004-05-01','2728.46052631579',72),(110074,'2004-04-01','2926.975',72),(110075,'2004-03-01','3000.28260869565',72),(110076,'2004-02-01','2751.7175',72),(110077,'2004-01-01','2421.47619047619',72),(110078,'2003-12-01','2202.03571428571',72),(110079,'2003-11-01','2053.275',72),(110080,'2003-10-01','1925.58260869565',72),(110081,'2003-09-01','1789.67045454545',72),(110082,'2003-08-01','1756.725',72),(110083,'2003-07-01','1712.82608695652',72),(110084,'2003-06-01','1685.10714285714',72),(110085,'2003-05-01','1651.1',72),(110086,'2003-04-01','1587.8675',72),(110087,'2003-03-01','1655.69285714286',72),(110088,'2003-02-01','1682.145',72),(110089,'2003-01-01','1650.31136363636',72),(110090,'2002-12-01','1592.96428571429',72),(110091,'2002-11-01','1581.03571428571',72),(110092,'2002-10-01','1486.17173913043',72),(110093,'2002-09-01','1478.93333333333',72),(110094,'2002-08-01','1482.91666666667',72),(110095,'2002-07-01','1588.2847826087',72),(110096,'2002-06-01','1650.59444444444',72),(110097,'2002-05-01','1597.02272727273',72),(110098,'2002-04-01','1588.57142857143',72),(110099,'2002-03-01','1607.3925',72),(110100,'2002-02-01','1561.3675',72),(110101,'2002-01-01','1508.22727272727',72),(110102,'2001-12-01','1472.84705882353',72),(110103,'2001-11-01','1434.29318181818',72),(110104,'2001-10-01','1377.37608695652',72),(110105,'2001-09-01','1427.69736842105',72),(110106,'2001-08-01','1466.41136363636',72),(110107,'2001-07-01','1526.77045454545',72),(110108,'2001-06-01','1610.46904761905',72),(110109,'2001-05-01','1684.85',72),(110110,'2001-04-01','1665.97222222222',72),(110111,'2001-03-01','1742.15909090909',72),(110112,'2001-02-01','1766.125',72),(110113,'2001-01-01','1787.05681818182',72),(110114,'2000-12-01','1852.4',72),(110115,'2000-11-01','1795.60227272727',72),(110116,'2000-10-01','1894.37272727273',72),(110117,'2000-09-01','1961.89285714286',72),(110118,'2000-08-01','1857.12391304348',72),(110119,'2000-07-01','1803.14285714286',72),(110120,'2000-06-01','1752.07272727273',72),(110121,'2000-05-01','1785.09782608696',72),(110122,'2000-04-01','1681.9075',72),(110123,'2000-03-01','1739.8',72),(110124,'2000-02-01','1807.025',72),(110125,'2000-01-01','1843.85',72),(110126,'1999-12-01','1764.88235294118',72),(110127,'1999-11-01','1726.77272727273',72),(110128,'1999-10-01','1723.28571428571',72),(110129,'1999-09-01','1749.68181818182',72),(110130,'1999-08-01','1646.7380952381',72),(110131,'1999-07-01','1639.18181818182',72),(110132,'1999-06-01','1422.15909090909',72),(110133,'1999-05-01','1510.44736842105',72),(110134,'1999-04-01','1463.725',72),(110135,'1999-03-01','1378.47727272727',72),(110136,'1999-02-01','1412.95',72),(110137,'1999-01-01','1432.00002842255',72),(110138,'1998-12-01','1475.76309447174',72),(110139,'1998-11-01','1573.72497511139',72),(110140,'1998-10-01','1585.49992534637',72),(110141,'1998-09-01','1646.77269191284',72),(110142,'1998-08-01','1619.92507875671',72),(110143,'1998-07-01','1655.66672697449',72),(110144,'1998-06-01','1656.59518632507',72),(110145,'1998-05-01','1731.65792903595',72),(110146,'1998-04-01','1800.12507817535',72),(110147,'1998-03-01','1747.15916341095',72),(110148,'1998-02-01','1663.99998604431',72),(110149,'1998-01-01','1687.60000986328',72),(110150,'1997-12-01','1761.45239143524',72),(110151,'1997-11-01','1918.49994499359',72),(110152,'1997-10-01','2050.6955684021',72),(110153,'1997-09-01','2104.30955452118',72),(110154,'1997-08-01','2250.10004305115',72),(110155,'1997-07-01','2449.19570404663',72),(110156,'1997-06-01','2611.28570015411',72),(110157,'1997-05-01','2513.29993523407',72),(110158,'1997-04-01','2389.31814949341',72),(110159,'1997-03-01','2420.1842087265',72),(110160,'1997-02-01','2406.63156159363',72),(110161,'1997-01-01','2427.27279402924',72),(110162,'1996-12-01','2264.59527826385',72),(110163,'1996-11-01','2215.42864607391',72),(110164,'1996-10-01','1960.19567519531',72),(110165,'1996-09-01','1935.07143060913',72),(110166,'1996-08-01','2017.85720584564',72),(110167,'1996-07-01','1983.93479971771',72),(110168,'1996-06-01','2177.59998270721',72),(110169,'1996-05-01','2658.76193080902',72),(110170,'1996-04-01','2594.17496803894',72),(110171,'1996-03-01','2563.34994940033',72),(110172,'1996-02-01','2544.66672335968',72),(110173,'1996-01-01','2604.99992943115',72),(110174,'1995-12-01','2918.21064537659',72),(110175,'1995-11-01','2981.61903664856',72),(110176,'1995-10-01','2810.06817431793',72),(110177,'1995-09-01','2910.42504276428',72),(110178,'1995-08-01','3040.13619641418',72),(110179,'1995-07-01','3076.4500581665',72),(110180,'1995-06-01','2987.68194348755',72),(110181,'1995-05-01','2771.57125569763',72),(110182,'1995-04-01','2894.88882296448',72),(110183,'1995-03-01','2919.67397804871',72),(110184,'1995-02-01','2870.45015814514',72),(110185,'1995-01-01','3003.26189506836',72),(110186,'1994-12-01','2980.69999645081',72),(110187,'1994-11-01','2803.54541098175',72),(110188,'1994-10-01','2546.02375416412',72),(110189,'1994-09-01','2504.84103139343',72),(110190,'1994-08-01','2409.74997397766',72),(110191,'1994-07-01','2447.23803404999',72),(110192,'1994-06-01','2363.09102303009',72),(110193,'1994-05-01','2144.50007046051',72),(110194,'1994-04-01','1881.36846713562',72),(110195,'1994-03-01','1913.17391866455',72),(110196,'1994-02-01','1865.07501472778',72),(110197,'1994-01-01','1807.07136699066',72),(110198,'1993-12-01','1723.6250736618',72),(110199,'1993-11-01','1632.56810484467',72),(110200,'1993-10-01','1646.99992897491',72),(110201,'1993-09-01','1858.24999750519',72),(110202,'1993-08-01','1951.07137548676',72),(110203,'1993-07-01','1927.33981992645',72),(110204,'1993-06-01','1857.87070840454',72),(110205,'1993-05-01','1799.35169844818',72),(110206,'1993-04-01','1953.62060192108',72),(110207,'1993-03-01','2152.38020099945',72),(110208,'1993-02-01','2212.18139313507',72),(110209,'1993-01-01','2264.21397077332',72),(110210,'1992-12-01','2211.95028749237',72),(110211,'1992-11-01','2161.78909368286',72),(110212,'1992-10-01','2262.45696237183',72),(110213,'1992-09-01','2419.61418178101',72),(110214,'1992-08-01','2513.46998458252',72),(110215,'1992-07-01','2527.28502240143',72),(110216,'1992-06-01','2296.44193858643',72),(110217,'1992-05-01','2219.31505581207',72),(110218,'1992-04-01','2214.16681599274',72),(110219,'1992-03-01','2231.78550956421',72),(110220,'1992-02-01','2208.89225860596',72),(110221,'1992-01-01','2150.57962901611',72),(110222,'1991-12-01','2205.91849749756',72),(110223,'1991-11-01','2375.66037788696',72),(110224,'1991-10-01','2360.64557547607',72),(110225,'1991-09-01','2318.58300291138',72),(110226,'1991-08-01','2236.18677692413',72),(110227,'1991-07-01','2231.25534581909',72),(110228,'1991-06-01','2218.06802725677',72),(110229,'1991-05-01','2340.4246727356',72),(110230,'1991-04-01','2471.37932275848',72),(110231,'1991-03-01','2409.64939088135',72),(110232,'1991-02-01','2447.1282',72),(110233,'1991-01-01','2447.1282',72),(110234,'1990-12-01','2484.60700911865',72),(110235,'1990-11-01','2583.81490911865',72),(110236,'1990-10-01','2742.54697724152',72),(110237,'1990-09-01','3040.17084544067',72),(110238,'1990-08-01','2956.39555455933',72),(110239,'1990-07-01','2769.00302275848',72),(110240,'1990-06-01','2583.81490911865',72),(110241,'1990-05-01','2740.34239088135',72),(110242,'1990-04-01','2685.22689088135',72),(110243,'1990-03-01','2625.70272275848',72),(110244,'1990-02-01','2358.9434',72),(110245,'1990-01-01','2365.55699088135',72),(110246,'2023-10-01','2194.39090909091',73),(110247,'2023-09-01','2184.67380952381',73),(110248,'2023-08-01','2135.58173913043',73),(110249,'2023-07-01','2159.73238095238',73),(110250,'2023-06-01','2184.75363636364',73),(110251,'2023-05-01','2274.01260869565',73),(110252,'2023-04-01','2338.131',73),(110253,'2023-03-01','2296.41695652174',73),(110254,'2023-02-01','2416.1815',73),(110255,'2023-01-01','2494.90090909091',73),(110256,'2022-12-01','2398.20681818182',73),(110257,'2022-11-01','2350.71636363636',73),(110258,'2022-10-01','2255.53523809524',73),(110259,'2022-09-01','2224.75590909091',73),(110260,'2022-08-01','2433.91608695652',73),(110261,'2022-07-01','2408.42333333333',73),(110262,'2022-06-01','2575.66954545455',73),(110263,'2022-05-01','2839.50545454545',73),(110264,'2022-04-01','3246.99047619048',73),(110265,'2022-03-01','3498.37304347826',73),(110266,'2022-02-01','3245.7855',73),(110267,'2022-01-01','3005.9805',73),(110268,'2021-12-01','2695.53142857143',73),(110269,'2021-11-01','2636.45227272727',73),(110270,'2021-10-01','2934.39380952381',73),(110271,'2021-09-01','2834.55681818182',73),(110272,'2021-08-01','2602.99190476191',73),(110273,'2021-07-01','2497.63545454545',73),(110274,'2021-06-01','2446.64545454545',73),(110275,'2021-05-01','2434.7765',73),(110276,'2021-04-01','2319.3925',73),(110277,'2021-03-01','2190.48260869565',73),(110278,'2021-02-01','2078.5935',73),(110279,'2021-01-01','2003.9755',73),(110280,'2020-12-01','2014.6719047619',73),(110281,'2020-11-01','1935.28333333333',73),(110282,'2020-10-01','1806.10181818182',73),(110283,'2020-09-01','1743.77454545455',73),(110284,'2020-08-01','1738.55523809524',73),(110285,'2020-07-01','1643.81217391304',73),(110286,'2020-06-01','1568.57045454545',73),(110287,'2020-05-01','1466.37157894737',73),(110288,'2020-04-01','1459.9345',73),(110289,'2020-03-01','1610.89090909091',73),(110290,'2020-02-01','1688.095',73),(110291,'2020-01-01','1773.09090909091',73),(110292,'2019-12-01','1771.38',73),(110293,'2019-11-01','1774.78571428571',73),(110294,'2019-10-01','1725.95652173913',73),(110295,'2019-09-01','1753.5119047619',73),(110296,'2019-08-01','1740.67857142857',73),(110297,'2019-07-01','1796.98913043478',73),(110298,'2019-06-01','1755.95',73),(110299,'2019-05-01','1781.2619047619',73),(110300,'2019-04-01','1845.425',73),(110301,'2019-03-01','1871.21428571429',73),(110302,'2019-02-01','1862.9875',73),(110303,'2019-01-01','1853.71590909091',73),(110304,'2018-12-01','1920.38157894737',73),(110305,'2018-11-01','1938.51136363636',73),(110306,'2018-10-01','2029.85869565217',73),(110307,'2018-09-01','2026.4625',73),(110308,'2018-08-01','2051.51136363636',73),(110309,'2018-07-01','2082.23863636364',73),(110310,'2018-06-01','2237.61904761905',73),(110311,'2018-05-01','2299.66666666667',73),(110312,'2018-04-01','2254.6875',73),(110313,'2018-03-01','2069.2380952381',73),(110314,'2018-02-01','2181.7875',73),(110315,'2018-01-01','2209.72727272727',73),(110316,'2017-12-01','2080.47368421053',73),(110317,'2017-11-01','2097.44090909091',73),(110318,'2017-10-01','2131.48863636364',73),(110319,'2017-09-01','2096.4880952381',73),(110320,'2017-08-01','2030.01136363636',73),(110321,'2017-07-01','1902.96428571429',73),(110322,'2017-06-01','1885.28636363636',73),(110323,'2017-05-01','1913.02380952381',73),(110324,'2017-04-01','1921.22222222222',73),(110325,'2017-03-01','1901.46739130435',73),(110326,'2017-02-01','1860.75',73),(110327,'2017-01-01','1791.2380952381',73),(110328,'2016-12-01','1727.7375',73),(110329,'2016-11-01','1737.11363636364',73),(110330,'2016-10-01','1665.90476190476',73),(110331,'2016-09-01','1592.36363636364',73),(110332,'2016-08-01','1639.28409090909',73),(110333,'2016-07-01','1629.04761904762',73),(110334,'2016-06-01','1593.50681818182',73),(110335,'2016-05-01','1550.625',73),(110336,'2016-04-01','1571.22619047619',73),(110337,'2016-03-01','1531.0119047619',73),(110338,'2016-02-01','1531.2619047619',73),(110339,'2016-01-01','1481.1',73),(110340,'2015-12-01','1497.20238095238',73),(110341,'2015-11-01','1467.89285714286',73),(110342,'2015-10-01','1516.48863636364',73),(110343,'2015-09-01','1589.60227272727',73),(110344,'2015-08-01','1548.125',73),(110345,'2015-07-01','1639.5',73),(110346,'2015-06-01','1687.72727272727',73),(110347,'2015-05-01','1804.03947368421',73),(110348,'2015-04-01','1819.1875',73),(110349,'2015-03-01','1773.86363636364',73),(110350,'2015-02-01','1817.82',73),(110351,'2015-01-01','1814.71904761905',73),(110352,'2014-12-01','1909.45952380952',73),(110353,'2014-11-01','2055.555',73),(110354,'2014-10-01','1946.18913043478',73),(110355,'2014-09-01','1990.43181818182',73),(110356,'2014-08-01','2030.4925',73),(110357,'2014-07-01','1948.30434782609',73),(110358,'2014-06-01','1838.95238095238',73),(110359,'2014-05-01','1751.05',73),(110360,'2014-04-01','1810.675',73),(110361,'2014-03-01','1705.36666666667',73),(110362,'2014-02-01','1695.165',73),(110363,'2014-01-01','1727.41136363636',73),(110364,'2013-12-01','1739.81',73),(110365,'2013-11-01','1747.96428571429',73),(110366,'2013-10-01','1814.58260869565',73),(110367,'2013-09-01','1761.30476190476',73),(110368,'2013-08-01','1816.23571428571',73),(110369,'2013-07-01','1769.60869565217',73),(110370,'2013-06-01','1814.5375',73),(110371,'2013-05-01','1832.57142857143',73),(110372,'2013-04-01','1861.02380952381',73),(110373,'2013-03-01','1911.2825',73),(110374,'2013-02-01','2053.595',73),(110375,'2013-01-01','2037.60681818182',73),(110376,'2012-12-01','2086.76315789474',73),(110377,'2012-11-01','1948.82954545455',73),(110378,'2012-10-01','1974.30434782609',73),(110379,'2012-09-01','2064.12',73),(110380,'2012-08-01','1843.32727272727',73),(110381,'2012-07-01','1876.25',73),(110382,'2012-06-01','1885.51315789474',73),(110383,'2012-05-01','2002.52272727273',73),(110384,'2012-04-01','2048.50526315789',73),(110385,'2012-03-01','2184.15909090909',73),(110386,'2012-02-01','2207.91666666667',73),(110387,'2012-01-01','2151.33333333333',73),(110388,'2011-12-01','2024.375',73),(110389,'2011-11-01','2079.98181818182',73),(110390,'2011-10-01','2180.64761904762',73),(110391,'2011-09-01','2293.46136363636',73),(110392,'2011-08-01','2380.975',73),(110393,'2011-07-01','2525.42857142857',73),(110394,'2011-06-01','2557.76136363636',73),(110395,'2011-05-01','2587.2125',73),(110396,'2011-04-01','2667.41666666667',73),(110397,'2011-03-01','2555.5',73),(110398,'2011-02-01','2515.26',73),(110399,'2011-01-01','2439.7',73),(110400,'2010-12-01','2356.66904761905',73),(110401,'2010-11-01','2324.04545454545',73),(110402,'2010-10-01','2342.17857142857',73),(110403,'2010-09-01','2171.24318181818',73),(110404,'2010-08-01','2110.44047619048',73),(110405,'2010-07-01','1989.04545454545',73),(110406,'2010-06-01','1929.40909090909',73),(110407,'2010-05-01','2044.71052631579',73),(110408,'2010-04-01','2314.2775',73),(110409,'2010-03-01','2210.53043478261',73),(110410,'2010-02-01','2053.27',73),(110411,'2010-01-01','2230.1125',73),(110412,'2009-12-01','2181.25714285714',73),(110413,'2009-11-01','1956.54761904762',73),(110414,'2009-10-01','1875.66363636364',73),(110415,'2009-09-01','1835.59772727273',73),(110416,'2009-08-01','1927.6375',73),(110417,'2009-07-01','1670.55652173913',73),(110418,'2009-06-01','1579.62727272727',73),(110419,'2009-05-01','1466.67105263158',73),(110420,'2009-04-01','1431.8125',73),(110421,'2009-03-01','1338.07954545455',73),(110422,'2009-02-01','1338.0625',73),(110423,'2009-01-01','1420.35952380952',73),(110424,'2008-12-01','1504.41666666667',73),(110425,'2008-11-01','1857.13',73),(110426,'2008-10-01','2122.02826086957',73),(110427,'2008-09-01','2524.14772727273',73),(110428,'2008-08-01','2762.56',73),(110429,'2008-07-01','3067.45652173913',73),(110430,'2008-06-01','2967.86904761905',73),(110431,'2008-05-01','2908.2775',73),(110432,'2008-04-01','2968.03409090909',73),(110433,'2008-03-01','3012.05263157895',73),(110434,'2008-02-01','2784.89285714286',73),(110435,'2008-01-01','2456.125',73),(110436,'2007-12-01','2382.83333333333',73),(110437,'2007-11-01','2507.15227272727',73),(110438,'2007-10-01','2444.53260869565',73),(110439,'2007-09-01','2394.9625',73),(110440,'2007-08-01','2512.60227272727',73),(110441,'2007-07-01','2738.09090909091',73),(110442,'2007-06-01','2681.30952380952',73),(110443,'2007-05-01','2804.60476190476',73),(110444,'2007-04-01','2817.05263157895',73),(110445,'2007-03-01','2757.07954545455',73),(110446,'2007-02-01','2839.05',73),(110447,'2007-01-01','2799.05909090909',73),(110448,'2006-12-01','2823.67105263158',73),(110449,'2006-11-01','2702.13636363636',73),(110450,'2006-10-01','2657.14772727273',73),(110451,'2006-09-01','2484.38095238095',73),(110452,'2006-08-01','2461.55227272727',73),(110453,'2006-07-01','2511.83333333333',73),(110454,'2006-06-01','2490.95454545455',73),(110455,'2006-05-01','2852.07142857143',73),(110456,'2006-04-01','2623.85833333333',73),(110457,'2006-03-01','2432.47826086957',73),(110458,'2006-02-01','2453.375',73),(110459,'2006-01-01','2383.30238095238',73),(110460,'2005-12-01','2250.9',73),(110461,'2005-11-01','2056.97045454545',73),(110462,'2005-10-01','1934.14285714286',73),(110463,'2005-09-01','1837.69318181818',73),(110464,'2005-08-01','1871.27272727273',73),(110465,'2005-07-01','1783.2619047619',73),(110466,'2005-06-01','1731.94318181818',73),(110467,'2005-05-01','1741.45',73),(110468,'2005-04-01','1891.9880952381',73),(110469,'2005-03-01','1987.5',73),(110470,'2005-02-01','1882.775',73),(110471,'2005-01-01','1836.175',73),(110472,'2004-12-01','1852.90952380952',73),(110473,'2004-11-01','1817.34090909091',73),(110474,'2004-10-01','1830.35714285714',73),(110475,'2004-09-01','1731',73),(110476,'2004-08-01','1692.07142857143',73),(110477,'2004-07-01','1707.84090909091',73),(110478,'2004-06-01','1682.02954545455',73),(110479,'2004-05-01','1625.25',73),(110480,'2004-04-01','1731.68',73),(110481,'2004-03-01','1657.35434782609',73),(110482,'2004-02-01','1685.225',73),(110483,'2004-01-01','1608.89285714286',73),(110484,'2003-12-01','1557.77857142857',73),(110485,'2003-11-01','1511.585',73),(110486,'2003-10-01','1477.22391304348',73),(110487,'2003-09-01','1416.57727272727',73),(110488,'2003-08-01','1457.225',73),(110489,'2003-07-01','1440.88043478261',73),(110490,'2003-06-01','1410.51666666667',73),(110491,'2003-05-01','1400.3975',73),(110492,'2003-04-01','1334.29',73),(110493,'2003-03-01','1386.52380952381',73),(110494,'2003-02-01','1421.535',73),(110495,'2003-01-01','1379.26818181818',73),(110496,'2002-12-01','1375.8619047619',73),(110497,'2002-11-01','1373.26666666667',73),(110498,'2002-10-01','1311.46086956522',73),(110499,'2002-09-01','1301.7',73),(110500,'2002-08-01','1293.35714285714',73),(110501,'2002-07-01','1337.8652173913',73),(110502,'2002-06-01','1356.93333333333',73),(110503,'2002-05-01','1344.42727272727',73),(110504,'2002-04-01','1370.38571428571',73),(110505,'2002-03-01','1404.985',73),(110506,'2002-02-01','1371.08',73),(110507,'2002-01-01','1371.36363636364',73),(110508,'2001-12-01','1348.72352941176',73),(110509,'2001-11-01','1334.45454545455',73),(110510,'2001-10-01','1283.53043478261',73),(110511,'2001-09-01','1345.995',73),(110512,'2001-08-01','1377.84545454545',73),(110513,'2001-07-01','1418.62272727273',73),(110514,'2001-06-01','1470.83333333333',73),(110515,'2001-05-01','1542.39047619048',73),(110516,'2001-04-01','1499.48333333333',73),(110517,'2001-03-01','1512.17272727273',73),(110518,'2001-02-01','1607.03',73),(110519,'2001-01-01','1619.87727272727',73),(110520,'2000-12-01','1569.055',73),(110521,'2000-11-01','1475.55454545455',73),(110522,'2000-10-01','1501.24545454545',73),(110523,'2000-09-01','1602.30952380952',73),(110524,'2000-08-01','1530.3347826087',73),(110525,'2000-07-01','1564.37619047619',73),(110526,'2000-06-01','1509.37272727273',73),(110527,'2000-05-01','1468.0652173913',73),(110528,'2000-04-01','1458.745',73),(110529,'2000-03-01','1579.64',73),(110530,'2000-02-01','1679.425',73),(110531,'2000-01-01','1679.85',73),(110532,'1999-12-01','1554.73529411765',73),(110533,'1999-11-01','1472.43181818182',73),(110534,'1999-10-01','1473.33333333333',73),(110535,'1999-09-01','1492.06818181818',73),(110536,'1999-08-01','1421.69047619048',73),(110537,'1999-07-01','1403.36363636364',73),(110538,'1999-06-01','1315.52272727273',73),(110539,'1999-05-01','1323.13157894737',73),(110540,'1999-04-01','1277.85',73),(110541,'1999-03-01','1179.86363636364',73),(110542,'1999-02-01','1186.475',73),(110543,'1999-01-01','1219.40002441406',73),(110544,'1998-12-01','1250.39477539063',73),(110545,'1998-11-01','1295.30004882813',73),(110546,'1998-10-01','1303.70458984375',73),(110547,'1998-09-01','1341.88635253906',73),(110548,'1998-08-01','1310.55004882813',73),(110549,'1998-07-01','1312.66662597656',73),(110550,'1998-06-01','1305.52380371094',73),(110551,'1998-05-01','1364.31579589844',73),(110552,'1998-04-01','1417.55004882813',73),(110553,'1998-03-01','1438.31823730469',73),(110554,'1998-02-01','1465.17504882813',73),(110555,'1998-01-01','1485.47497558594',73),(110556,'1997-12-01','1530.52380371094',73),(110557,'1997-11-01','1598.32495117188',73),(110558,'1997-10-01','1607.32604980469',73),(110559,'1997-09-01','1611.61901855469',73),(110560,'1997-08-01','1710.02502441406',73),(110561,'1997-07-01','1591.5869140625',73),(110562,'1997-06-01','1567.1904296875',73),(110563,'1997-05-01','1625.44995117188',73),(110564,'1997-04-01','1561.11364746094',73),(110565,'1997-03-01','1631.18420410156',73),(110566,'1997-02-01','1582.05297851563',73),(110567,'1997-01-01','1575.13635253906',73),(110568,'1996-12-01','1500.97619628906',73),(110569,'1996-11-01','1451.04760742188',73),(110570,'1996-10-01','1336.02172851563',73),(110571,'1996-09-01','1405.76196289063',73),(110572,'1996-08-01','1466.78576660156',73),(110573,'1996-07-01','1460.02172851563',73),(110574,'1996-06-01','1485.75',73),(110575,'1996-05-01','1593.85717773438',73),(110576,'1996-04-01','1587.40002441406',73),(110577,'1996-03-01','1614.85717773438',73),(110578,'1996-02-01','1594.57141113281',73),(110579,'1996-01-01','1584.47619628906',73),(110580,'1995-12-01','1657.81579589844',73),(110581,'1995-11-01','1655.92858886719',73),(110582,'1995-10-01','1671.95458984375',73),(110583,'1995-09-01','1761.72497558594',73),(110584,'1995-08-01','1890.04541015625',73),(110585,'1995-07-01','1867.27502441406',73),(110586,'1995-06-01','1775.79541015625',73),(110587,'1995-05-01','1765.47619628906',73),(110588,'1995-04-01','1849.44445800781',73),(110589,'1995-03-01','1799.97827148438',73),(110590,'1995-02-01','1905.44995117188',73),(110591,'1995-01-01','2059.35717773438',73),(110592,'1994-12-01','1878.375',73),(110593,'1994-11-01','1885.88635253906',73),(110594,'1994-10-01','1694.26196289063',73),(110595,'1994-09-01','1571.09094238281',73),(110596,'1994-08-01','1457.06823730469',73),(110597,'1994-07-01','1491.95239257813',73),(110598,'1994-06-01','1402.36364746094',73),(110599,'1994-05-01','1321.04760742188',73),(110600,'1994-04-01','1277.28942871094',73),(110601,'1994-03-01','1287.69567871094',73),(110602,'1994-02-01','1270.52502441406',73),(110603,'1994-01-01','1170',73),(110604,'1993-12-01','1091.34997558594',73),(110605,'1993-11-01','1040.02270507813',73),(110606,'1993-10-01','1089.42858886719',73),(110607,'1993-09-01','1116.90905761719',73),(110608,'1993-08-01','1172.76196289063',73),(110609,'1993-07-01','1203.18176269531',73),(110610,'1993-06-01','1168.09094238281',73),(110611,'1993-05-01','1125.42102050781',73),(110612,'1993-04-01','1110.27502441406',73),(110613,'1993-03-01','1150.47827148438',73),(110614,'1993-02-01','1203.15002441406',73),(110615,'1993-01-01','1208.09997558594',73),(110616,'1992-12-01','1209.02380371094',73),(110617,'1992-11-01','1162.21435546875',73),(110618,'1992-10-01','1180.84106445313',73),(110619,'1992-09-01','1270.21435546875',73),(110620,'1992-08-01','1305.55004882813',73),(110621,'1992-07-01','1314.34790039063',73),(110622,'1992-06-01','1275.27270507813',73),(110623,'1992-05-01','1306.71069335938',73),(110624,'1992-04-01','1317.125',73),(110625,'1992-03-01','1282.02270507813',73),(110626,'1992-02-01','1270.75',73),(110627,'1992-01-01','1181.22729492188',73),(110628,'1991-12-01','1099.5263671875',73),(110629,'1991-11-01','1134.92504882813',73),(110630,'1991-10-01','1152.95458984375',73),(110631,'1991-09-01','1212.09521484375',73),(110632,'1991-08-01','1259.693359375',73),(110633,'1991-07-01','1297.54663085938',73),(110634,'1991-06-01','1283.55004882813',73),(110635,'1991-05-01','1299.94995117188',73),(110636,'1991-04-01','1392',73),(110637,'1991-03-01','1496',73),(110638,'1991-02-01','1505',73),(110639,'1991-01-01','1515',73),(110640,'1990-12-01','1522',73),(110641,'1990-11-01','1618',73),(110642,'1990-10-01','1946',73),(110643,'1990-09-01','2067',73),(110644,'1990-08-01','1782',73),(110645,'1990-07-01','1571',73),(110646,'1990-06-01','1566',73),(110647,'1990-05-01','1527',73),(110648,'1990-04-01','1526',73),(110649,'1990-03-01','1567',73),(110650,'1990-02-01','1454',73),(110651,'1990-01-01','1528',73),(110652,'2023-10-01','216.463939126984',74),(110653,'2023-09-01','229.390711',74),(110654,'2023-08-01','241.413877753623',74),(110655,'2023-07-01','278.617600992064',74),(110656,'2023-06-01','282.27674528254',74),(110657,'2023-05-01','299.44000625',74),(110658,'2023-04-01','312.81082437193',74),(110659,'2023-03-01','309.429599855072',74),(110660,'2023-02-01','332.412023436842',74),(110661,'2023-01-01','320.097045125',74),(110662,'2022-12-01','323.654838134921',74),(110663,'2022-11-01','344.329860728333',74),(110664,'2022-10-01','353.712907166667',74),(110665,'2022-09-01','346.322181071428',74),(110666,'2022-08-01','323.016768768116',74),(110667,'2022-07-01','321.97512765873',74),(110668,'2022-06-01','397.6523199',74),(110669,'2022-05-01','444.15656781746',74),(110670,'2022-04-01','406.026886301667',74),(110671,'2022-03-01','387.665013697101',74),(110672,'2022-02-01','347.5032275',74),(110673,'2022-01-01','326.081669833333',74),(110674,'2021-12-01','324.017900555555',74),(110675,'2021-11-01','317.437354813333',74),(110676,'2021-10-01','294.036818253968',74),(110677,'2021-09-01','269.733507301587',74),(110678,'2021-08-01','274.87603',74),(110679,'2021-07-01','243.628006984127',74),(110680,'2021-06-01','238.767026666667',74),(110681,'2021-05-01','278.447005396825',74),(110682,'2021-04-01','239.936143333333',74),(110683,'2021-03-01','229.887549275362',74),(110684,'2021-02-01','240.806388070175',74),(110685,'2021-01-01','237.944249824561',74),(110686,'2020-12-01','217.312542857143',74),(110687,'2020-11-01','210.753936491228',74),(110688,'2020-10-01','203.4263',74),(110689,'2020-09-01','204.137313809524',74),(110690,'2020-08-01','174.182476984127',74),(110691,'2020-07-01','170.574121666667',74),(110692,'2020-06-01','169.722336666667',74),(110693,'2020-05-01','174.954968833333',74),(110694,'2020-04-01','179.746517936508',74),(110695,'2020-03-01','170.874751666667',74),(110696,'2020-02-01','172.231102807018',74),(110697,'2020-01-01','178.241777301587',74),(110698,'2019-12-01','165.254640833333',74),(110699,'2019-11-01','157.528264259259',74),(110700,'2019-10-01','153.22109',74),(110701,'2019-09-01','146.570486333333',74),(110702,'2019-08-01','149.363005',74),(110703,'2019-07-01','163.876753333333',74),(110704,'2019-06-01','174.697763166667',74),(110705,'2019-05-01','158.281695',74),(110706,'2019-04-01','159.030088730159',74),(110707,'2019-03-01','164.506644761905',74),(110708,'2019-02-01','177.916701754386',74),(110709,'2019-01-01','188.84494968254',74),(110710,'2018-12-01','188.535836296296',74),(110711,'2018-11-01','181.552390877193',74),(110712,'2018-10-01','188.461606666667',74),(110713,'2018-09-01','191.144421754386',74),(110714,'2018-08-01','211.29205884058',74),(110715,'2018-07-01','196.806077460317',74),(110716,'2018-06-01','193.07921984127',74),(110717,'2018-05-01','192.70383',74),(110718,'2018-04-01','180.376409365079',74),(110719,'2018-03-01','180.918815873016',74),(110720,'2018-02-01','172.289119122807',74),(110721,'2018-01-01','156.388044126984',74),(110722,'2017-12-01','147.1032695',74),(110723,'2017-11-01','138.045955666667',74),(110724,'2017-10-01','133.344516031746',74),(110725,'2017-09-01','138.413392333333',74),(110726,'2017-08-01','139.050815072464',74),(110727,'2017-07-01','174.532416666667',74),(110728,'2017-06-01','157.246191666667',74),(110729,'2017-05-01','146.440213333333',74),(110730,'2017-04-01','138.407590701754',74),(110731,'2017-03-01','146.43149942029',74),(110732,'2017-02-01','147.361442105263',74),(110733,'2017-01-01','137.145735833333',74),(110734,'2016-12-01','122.846325555556',74),(110735,'2016-11-01','122.549797719298',74),(110736,'2016-10-01','122.558500166667',74),(110737,'2016-09-01','123.248756190476',74),(110738,'2016-08-01','127.899911014493',74),(110739,'2016-07-01','133.710203',74),(110740,'2016-06-01','156.695036666667',74),(110741,'2016-05-01','157.560342063492',74),(110742,'2016-04-01','163.386837777778',74),(110743,'2016-03-01','164.060471666667',74),(110744,'2016-02-01','159.283795',74),(110745,'2016-01-01','164.611626666667',74),(110746,'2015-12-01','163.893455',74),(110747,'2015-11-01','157.804378947368',74),(110748,'2015-10-01','165.451481904762',74),(110749,'2015-09-01','164.06922015873',74),(110750,'2015-08-01','173.517591587302',74),(110751,'2015-07-01','199.21748',74),(110752,'2015-06-01','199.835441666667',74),(110753,'2015-05-01','193.216571166667',74),(110754,'2015-04-01','195.931228253968',74),(110755,'2015-03-01','202.691426666667',74),(110756,'2015-02-01','201.74206877193',74),(110757,'2015-01-01','213.0214075',74),(110758,'2014-12-01','234.858836666667',74),(110759,'2014-11-01','215.987918235294',74),(110760,'2014-10-01','210.724928333333',74),(110761,'2014-09-01','211.171101428571',74),(110762,'2014-08-01','229.158001111111',74),(110763,'2014-07-01','238.549905',74),(110764,'2014-06-01','261.649900634921',74),(110765,'2014-05-01','287.912873809524',74),(110766,'2014-04-01','276.382361269841',74),(110767,'2014-03-01','275.612493968254',74),(110768,'2014-02-01','242.798281578947',74),(110769,'2014-01-01','229.980359365079',74),(110770,'2013-12-01','246.112578730159',74),(110771,'2013-11-01','259.777723333333',74),(110772,'2013-10-01','278.149556666667',74),(110773,'2013-09-01','257.499616',74),(110774,'2013-08-01','258.925938333333',74),(110775,'2013-07-01','257.472893333333',74),(110776,'2013-06-01','266.850879166667',74),(110777,'2013-05-01','276.045146666667',74),(110778,'2013-04-01','264.170261666667',74),(110779,'2013-03-01','263.341859',74),(110780,'2013-02-01','271.678588703704',74),(110781,'2013-01-01','288.210322539683',74),(110782,'2012-12-01','303.038556140351',74),(110783,'2012-11-01','319.459936190476',74),(110784,'2012-10-01','318.407834927536',74),(110785,'2012-09-01','316.653051578947',74),(110786,'2012-08-01','315.548219130435',74),(110787,'2012-07-01','310.746438095238',74),(110788,'2012-06-01','241.965793492064',74),(110789,'2012-05-01','228.87964',74),(110790,'2012-04-01','228.086310833333',74),(110791,'2012-03-01','243.493598333333',74),(110792,'2012-02-01','245.9804765',74),(110793,'2012-01-01','243.702369166667',74),(110794,'2011-12-01','236.0596865',74),(110795,'2011-11-01','244.53785015873',74),(110796,'2011-10-01','251.589134761905',74),(110797,'2011-09-01','272.340557936508',74),(110798,'2011-08-01','288.688308333333',74),(110799,'2011-07-01','271.462209333333',74),(110800,'2011-06-01','285.29787',74),(110801,'2011-05-01','307.19455031746',74),(110802,'2011-04-01','307.254408421053',74),(110803,'2011-03-01','285.375811111111',74),(110804,'2011-02-01','317.600651403509',74),(110805,'2011-01-01','295.988606833333',74),(110806,'2010-12-01','274.456818166667',74),(110807,'2010-11-01','241.840133333333',74),(110808,'2010-10-01','234.599563174603',74),(110809,'2010-09-01','240.432182833333',74),(110810,'2010-08-01','219.877441666667',74),(110811,'2010-07-01','182.738502222222',74),(110812,'2010-06-01','149.21269',74),(110813,'2010-05-01','158.328459666667',74),(110814,'2010-04-01','156.825468730159',74),(110815,'2010-03-01','156.464117971015',74),(110816,'2010-02-01','160.16156037037',74),(110817,'2010-01-01','167.821862807018',74),(110818,'2009-12-01','171.155498730159',74),(110819,'2009-11-01','177.607281403509',74),(110820,'2009-10-01','163.726438333333',74),(110821,'2009-09-01','156.930450634921',74),(110822,'2009-08-01','179.554051111111',74),(110823,'2009-07-01','195.325991666667',74),(110824,'2009-06-01','227.314693833333',74),(110825,'2009-05-01','227.186091',74),(110826,'2009-04-01','200.887646666667',74),(110827,'2009-03-01','199.100568333333',74),(110828,'2009-02-01','195.224902631579',74),(110829,'2009-01-01','211.276083333333',74),(110830,'2008-12-01','188.84494968254',74),(110831,'2008-11-01','194.114629607843',74),(110832,'2008-10-01','202.774935',74),(110833,'2008-09-01','263.049659365079',74),(110834,'2008-08-01','304.164072666667',74),(110835,'2008-07-01','299.42748',74),(110836,'2008-06-01','314.15835',74),(110837,'2008-05-01','288.420286349206',74),(110838,'2008-04-01','326.851616666667',74),(110839,'2008-03-01','403.812896666667',74),(110840,'2008-02-01','393.873734833333',74),(110841,'2008-01-01','336.117065079365',74),(110842,'2007-12-01','339.225695925926',74),(110843,'2007-11-01','286.495618095238',74),(110844,'2007-10-01','303.630490724638',74),(110845,'2007-09-01','297.952459122807',74),(110846,'2007-08-01','240.686992173913',74),(110847,'2007-07-01','222.001734603175',74),(110848,'2007-06-01','206.516903650794',74),(110849,'2007-05-01','178.006363333333',74),(110850,'2007-04-01','178.555848166667',74),(110851,'2007-03-01','173.313195',74),(110852,'2007-02-01','175.26729',74),(110853,'2007-01-01','172.5666305',74),(110854,'2006-12-01','179.529555333333',74),(110855,'2006-11-01','182.301077619048',74),(110856,'2006-10-01','182.432305',74),(110857,'2006-09-01','164.942319666667',74),(110858,'2006-08-01','165.129378333333',74),(110859,'2006-07-01','181.348366833333',74),(110860,'2006-06-01','176.920755',74),(110861,'2006-05-01','176.603423333333',74),(110862,'2006-04-01','161.208002807018',74),(110863,'2006-03-01','155.793146666667',74),(110864,'2006-02-01','158.887350175439',74),(110865,'2006-01-01','144.5679565',74),(110866,'2005-12-01','139.99337',74),(110867,'2005-11-01','136.353997301587',74),(110868,'2005-10-01','143.072839206349',74),(110869,'2005-09-01','137.386319365079',74),(110870,'2005-08-01','131.558302173913',74),(110871,'2005-07-01','130.164439166667',74),(110872,'2005-06-01','122.473321666667',74),(110873,'2005-05-01','119.154461904762',74),(110874,'2005-04-01','120.064305079365',74),(110875,'2005-03-01','129.955668333333',74),(110876,'2005-02-01','123.129960877193',74),(110877,'2005-01-01','122.778962166667',74),(110878,'2004-12-01','123.554573043478',74),(110879,'2004-11-01','127.133086666667',74),(110880,'2004-10-01','123.056289365079',74),(110881,'2004-09-01','126.8207655',74),(110882,'2004-08-01','122.05578',74),(110883,'2004-07-01','132.387431',74),(110884,'2004-06-01','136.86140984127',74),(110885,'2004-05-01','143.184267368421',74),(110886,'2004-04-01','146.064823492064',74),(110887,'2004-03-01','142.548725',74),(110888,'2004-02-01','141.733859473684',74),(110889,'2004-01-01','147.289612380952',74),(110890,'2003-12-01','145.067495396825',74),(110891,'2003-11-01','141.347084035088',74),(110892,'2003-10-01','130.056604492754',74),(110893,'2003-09-01','130.64998047619',74),(110894,'2003-08-01','133.484491904762',74),(110895,'2003-07-01','115.775953333333',74),(110896,'2003-06-01','118.157133809524',74),(110897,'2003-05-01','131.052411111111',74),(110898,'2003-04-01','126.048273650794',74),(110899,'2003-03-01','129.2458475',74),(110900,'2003-02-01','141.656504385965',74),(110901,'2003-01-01','140.483285555556',74),(110902,'2002-12-01','149.195988333333',74),(110903,'2002-11-01','164.279183968254',74),(110904,'2002-10-01','180.043966666667',74),(110905,'2002-09-01','173.342621746032',74),(110906,'2002-08-01','149.61353',74),(110907,'2002-07-01','132.644636666667',74),(110908,'2002-06-01','115.411857',74),(110909,'2002-05-01','104.096405217391',74),(110910,'2002-04-01','104.802958333333',74),(110911,'2002-03-01','102.551573666667',74),(110912,'2002-02-01','103.837602',74),(110913,'2002-01-01','106.189196666667',74),(110914,'2001-12-01','104.370385166667',74),(110915,'2001-11-01','106.801591111111',74),(110916,'2001-10-01','104.831278550725',74),(110917,'2001-09-01','103.176216',74),(110918,'2001-08-01','104.224209275362',74),(110919,'2001-07-01','108.343711666667',74),(110920,'2001-06-01','109.426138730159',74),(110921,'2001-05-01','110.774167246377',74),(110922,'2001-04-01','106.154202698413',74),(110923,'2001-03-01','105.571235',74),(110924,'2001-02-01','103.323190666667',74),(110925,'2001-01-01','109.479425',74),(110926,'2000-12-01','113.740020166667',74),(110927,'2000-11-01','105.036781666667',74),(110928,'2000-10-01','107.775855',74),(110929,'2000-09-01','103.44217015873',74),(110930,'2000-08-01','96.6518188405797',74),(110931,'2000-07-01','97.1257588888889',74),(110932,'2000-06-01','103.366615',74),(110933,'2000-05-01','99.1120469565218',74),(110934,'2000-04-01','94.4312233333333',74),(110935,'2000-03-01','96.3962107246377',74),(110936,'2000-02-01','98.1668294444444',74),(110937,'2000-01-01','93.6228626666666',74),(110938,'1999-12-01','90.4373465217391',74),(110939,'1999-11-01','91.6754483333333',74),(110940,'1999-10-01','88.5522366666667',74),(110941,'1999-09-01','94.79866',74),(110942,'1999-08-01','98.0220816666666',74),(110943,'1999-07-01','93.0139676190476',74),(110944,'1999-06-01','99.9427733333333',74),(110945,'1999-05-01','99.6103306349206',74),(110946,'1999-04-01','102.331111666667',74),(110947,'1999-03-01','104.575670434783',74),(110948,'1999-02-01','104.278526',74),(110949,'1999-01-01','111.893213492063',74),(110950,'1998-12-01','111.804587463768',74),(110951,'1998-11-01','115.611322619048',74),(110952,'1998-10-01','112.155668253968',74),(110953,'1998-09-01','97.5711366666667',74),(110954,'1998-08-01','97.00328',74),(110955,'1998-07-01','106.620535362319',74),(110956,'1998-06-01','112.368813333333',74),(110957,'1998-05-01','118.349600634921',74),(110958,'1998-04-01','118.197695',74),(110959,'1998-03-01','128.235396666667',74),(110960,'1998-02-01','128.308884',74),(110961,'1998-01-01','127.350208333333',74),(110962,'1997-12-01','129.729106594203',74),(110963,'1997-11-01','135.382039833333',74),(110964,'1997-10-01','136.207174782609',74),(110965,'1997-09-01','138.239695',74),(110966,'1997-08-01','139.345981587302',74),(110967,'1997-07-01','130.408065652174',74),(110968,'1997-06-01','141.200661904762',74),(110969,'1997-05-01','168.402905',74),(110970,'1997-04-01','175.56792',74),(110971,'1997-03-01','167.708592857143',74),(110972,'1997-02-01','164.170702666667',74),(110973,'1997-01-01','167.790752608696',74),(110974,'1996-12-01','167.831071746032',74),(110975,'1996-11-01','169.265824444444',74),(110976,'1996-10-01','169.595984927536',74),(110977,'1996-09-01','170.980528888889',74),(110978,'1996-08-01','181.497011666667',74),(110979,'1996-07-01','196.38691057971',74),(110980,'1996-06-01','215.2260275',74),(110981,'1996-05-01','248.59486826087',74),(110982,'1996-04-01','239.516215714286',74),(110983,'1996-03-01','205.257120793651',74),(110984,'1996-02-01','206.166963968254',74),(110985,'1996-01-01','196.428301666667',74),(110986,'1995-12-01','208.924942016602',74),(110987,'1995-11-01','204.067321777344',74),(110988,'1995-10-01','203.791748046875',74),(110989,'1995-09-01','193.671279907227',74),(110990,'1995-08-01','184.393295288086',74),(110991,'1995-07-01','190.08528137207',74),(110992,'1995-06-01','169.98078918457',74),(110993,'1995-05-01','158.611557006836',74),(110994,'1995-04-01','148.978652954102',74),(110995,'1995-03-01','150.385986328125',74),(110996,'1995-02-01','154.420104980469',74),(110997,'1995-01-01','156.213088989258',74),(110998,'1994-12-01','164.62174987793',74),(110999,'1994-11-01','161.986770629883',74),(111000,'1994-10-01','167.188064575195',74),(111001,'1994-09-01','158.785140991211',74),(111002,'1994-08-01','146.024124145508',74),(111003,'1994-07-01','137.600448608398',74),(111004,'1994-06-01','139.304428100586',74),(111005,'1994-05-01','140.147354125977',74),(111006,'1994-04-01','140.452667236328',74),(111007,'1994-03-01','141.04377746582',74),(111008,'1994-02-01','147.037521362305',74),(111009,'1994-01-01','153.207977294922',74),(111010,'1993-12-01','158.645385742188',74),(111011,'1993-11-01','146.501602172852',74),(111012,'1993-10-01','135.956161499023',74),(111013,'1993-09-01','131.294311523438',74),(111014,'1993-08-01','129.797012329102',74),(111015,'1993-07-01','127.522399902344',74),(111016,'1993-06-01','121.81778717041',74),(111017,'1993-05-01','136.580810546875',74),(111018,'1993-04-01','141.992401123047',74),(111019,'1993-03-01','147.899658203125',74),(111020,'1993-02-01','148.884384155273',74),(111021,'1993-01-01','155.650772094727',74),(111022,'1992-12-01','147.827651977539',74),(111023,'1992-11-01','147.574188232422',74),(111024,'1992-10-01','140.581283569336',74),(111025,'1992-09-01','138.735794067383',74),(111026,'1992-08-01','128.168487548828',74),(111027,'1992-07-01','136.31901550293',74),(111028,'1992-06-01','148.665725708008',74),(111029,'1992-05-01','149.689117431641',74),(111030,'1992-04-01','159.931198120117',74),(111031,'1992-03-01','169.350738525391',74),(111032,'1992-02-01','177.130599975586',74),(111033,'1992-01-01','169.954772949219',74),(111034,'1991-12-01','160.836669921875',74),(111035,'1991-11-01','149.536529541016',74),(111036,'1991-10-01','146.887191772461',74),(111037,'1991-09-01','135.37287902832',74),(111038,'1991-08-01','125.326843261719',74),(111039,'1991-07-01','118.209587097168',74),(111040,'1991-06-01','120.151794433594',74),(111041,'1991-05-01','122.036750793457',74),(111042,'1991-04-01','120.886665344238',74),(111043,'1991-03-01','119.416923522949',74),(111044,'1991-02-01','113.905372619629',74),(111045,'1991-01-01','111.333320617676',74),(111046,'1990-12-01','113.17049407959',74),(111047,'1990-11-01','112.803070068359',74),(111048,'1990-10-01','114.640243530273',74),(111049,'1990-09-01','114.272811889648',74),(111050,'1990-08-01','116.844856262207',74),(111051,'1990-07-01','124.92847442627',74),(111052,'1990-06-01','135.584136962891',74),(111053,'1990-05-01','149.179290771484',74),(111054,'1990-04-01','159.467529296875',74),(111055,'1990-03-01','156.528030395508',74),(111056,'1990-02-01','160.937271118164',74),(111057,'1990-01-01','167.918579101563',74),(111058,'2023-10-01','2.98',75),(111059,'2023-09-01','2.64',75),(111060,'2023-08-01','2.58',75),(111061,'2023-07-01','2.55',75),(111062,'2023-06-01','2.18',75),(111063,'2023-05-01','2.15',75),(111064,'2023-04-01','2.16',75),(111065,'2023-03-01','2.31',75),(111066,'2023-02-01','2.38',75),(111067,'2023-01-01','3.27',75),(111068,'2022-12-01','5.53',75),(111069,'2022-11-01','5.45',75),(111070,'2022-10-01','5.66',75),(111071,'2022-09-01','7.88',75),(111072,'2022-08-01','8.81',75),(111073,'2022-07-01','7.28',75),(111074,'2022-06-01','7.7',75),(111075,'2022-05-01','8.14',75),(111076,'2022-04-01','6.6',75),(111077,'2022-03-01','4.9',75),(111078,'2022-02-01','4.69',75),(111079,'2022-01-01','4.38',75),(111080,'2021-12-01','3.76',75),(111081,'2021-11-01','5.05',75),(111082,'2021-10-01','5.51',75),(111083,'2021-09-01','5.16',75),(111084,'2021-08-01','4.07',75),(111085,'2021-07-01','3.84',75),(111086,'2021-06-01','3.26',75),(111087,'2021-05-01','2.91',75),(111088,'2021-04-01','2.66',75),(111089,'2021-03-01','2.62',75),(111090,'2021-02-01','5.35',75),(111091,'2021-01-01','2.71',75),(111092,'2020-12-01','2.59',75),(111093,'2020-11-01','2.61',75),(111094,'2020-10-01','2.39',75),(111095,'2020-09-01','1.92',75),(111096,'2020-08-01','2.3',75),(111097,'2020-07-01','1.77',75),(111098,'2020-06-01','1.63',75),(111099,'2020-05-01','1.75',75),(111100,'2020-04-01','1.74',75),(111101,'2020-03-01','1.79',75),(111102,'2020-02-01','1.91',75),(111103,'2020-01-01','2.02',75),(111104,'2019-12-01','2.22',75),(111105,'2019-11-01','2.65',75),(111106,'2019-10-01','2.33',75),(111107,'2019-09-01','2.56',75),(111108,'2019-08-01','2.22',75),(111109,'2019-07-01','2.37',75),(111110,'2019-06-01','2.4',75),(111111,'2019-05-01','2.64',75),(111112,'2019-04-01','2.65',75),(111113,'2019-03-01','2.95',75),(111114,'2019-02-01','2.69',75),(111115,'2019-01-01','3.11',75),(111116,'2018-12-01','4.04',75),(111117,'2018-11-01','4.09',75),(111118,'2018-10-01','3.28',75),(111119,'2018-09-01','3.0',75),(111120,'2018-08-01','2.96',75),(111121,'2018-07-01','2.83',75),(111122,'2018-06-01','2.97',75),(111123,'2018-05-01','2.8',75),(111124,'2018-04-01','2.8',75),(111125,'2018-03-01','2.69',75),(111126,'2018-02-01','2.67',75),(111127,'2018-01-01','3.87',75),(111128,'2017-12-01','2.82',75),(111129,'2017-11-01','3.01',75),(111130,'2017-10-01','2.88',75),(111131,'2017-09-01','2.98',75),(111132,'2017-08-01','2.9',75),(111133,'2017-07-01','2.98',75),(111134,'2017-06-01','2.98',75),(111135,'2017-05-01','3.15',75),(111136,'2017-04-01','3.1',75),(111137,'2017-03-01','2.88',75),(111138,'2017-02-01','2.85',75),(111139,'2017-01-01','3.3',75),(111140,'2016-12-01','3.59',75),(111141,'2016-11-01','2.55',75),(111142,'2016-10-01','2.98',75),(111143,'2016-09-01','2.99',75),(111144,'2016-08-01','2.82',75),(111145,'2016-07-01','2.82',75),(111146,'2016-06-01','2.59',75),(111147,'2016-05-01','1.92',75),(111148,'2016-04-01','1.92',75),(111149,'2016-03-01','1.73',75),(111150,'2016-02-01','1.99',75),(111151,'2016-01-01','2.28',75),(111152,'2015-12-01','1.93',75),(111153,'2015-11-01','2.09',75),(111154,'2015-10-01','2.34',75),(111155,'2015-09-01','2.66',75),(111156,'2015-08-01','2.77',75),(111157,'2015-07-01','2.84',75),(111158,'2015-06-01','2.78',75),(111159,'2015-05-01','2.85',75),(111160,'2015-04-01','2.61',75),(111161,'2015-03-01','2.83',75),(111162,'2015-02-01','2.87',75),(111163,'2015-01-01','2.99',75),(111164,'2014-12-01','3.48',75),(111165,'2014-11-01','4.12',75),(111166,'2014-10-01','3.78',75),(111167,'2014-09-01','3.92',75),(111168,'2014-08-01','3.91',75),(111169,'2014-07-01','4.05',75),(111170,'2014-06-01','4.59',75),(111171,'2014-05-01','4.58',75),(111172,'2014-04-01','4.66',75),(111173,'2014-03-01','4.90',75),(111174,'2014-02-01','6.00',75),(111175,'2014-01-01','4.71',75),(111176,'2013-12-01','4.24',75),(111177,'2013-11-01','3.64',75),(111178,'2013-10-01','3.68',75),(111179,'2013-09-01','3.62',75),(111180,'2013-08-01','3.43',75),(111181,'2013-07-01','3.62',75),(111182,'2013-06-01','3.83',75),(111183,'2013-05-01','4.04',75),(111184,'2013-04-01','4.17',75),(111185,'2013-03-01','3.81',75),(111186,'2013-02-01','3.33',75),(111187,'2013-01-01','3.33',75),(111188,'2012-12-01','3.34',75),(111189,'2012-11-01','3.54',75),(111190,'2012-10-01','3.32',75),(111191,'2012-09-01','2.85',75),(111192,'2012-08-01','2.84',75),(111193,'2012-07-01','2.95',75),(111194,'2012-06-01','2.46',75),(111195,'2012-05-01','2.43',75),(111196,'2012-04-01','1.95',75),(111197,'2012-03-01','2.17',75),(111198,'2012-02-01','2.51',75),(111199,'2012-01-01','2.67',75),(111200,'2011-12-01','3.17',75),(111201,'2011-11-01','3.24',75),(111202,'2011-10-01','3.57',75),(111203,'2011-09-01','3.90',75),(111204,'2011-08-01','4.06',75),(111205,'2011-07-01','4.42',75),(111206,'2011-06-01','4.54',75),(111207,'2011-05-01','4.31',75),(111208,'2011-04-01','4.24',75),(111209,'2011-03-01','3.97',75),(111210,'2011-02-01','4.09',75),(111211,'2011-01-01','4.49',75),(111212,'2010-12-01','4.25',75),(111213,'2010-11-01','3.71',75),(111214,'2010-10-01','3.43',75),(111215,'2010-09-01','3.89',75),(111216,'2010-08-01','4.32',75),(111217,'2010-07-01','4.63',75),(111218,'2010-06-01','4.80',75),(111219,'2010-05-01','4.14',75),(111220,'2010-04-01','4.03',75),(111221,'2010-03-01','4.29',75),(111222,'2010-02-01','5.32',75),(111223,'2010-01-01','5.83',75),(111224,'2009-12-01','5.35',75),(111225,'2009-11-01','3.66',75),(111226,'2009-10-01','4.01',75),(111227,'2009-09-01','2.99',75),(111228,'2009-08-01','3.14',75),(111229,'2009-07-01','3.38',75),(111230,'2009-06-01','3.80',75),(111231,'2009-05-01','3.83',75),(111232,'2009-04-01','3.50',75),(111233,'2009-03-01','3.96',75),(111234,'2009-02-01','4.52',75),(111235,'2009-01-01','5.24',75),(111236,'2008-12-01','5.82',75),(111237,'2008-11-01','6.68',75),(111238,'2008-10-01','6.74',75),(111239,'2008-09-01','7.67',75),(111240,'2008-08-01','8.26',75),(111241,'2008-07-01','11.09',75),(111242,'2008-06-01','12.69',75),(111243,'2008-05-01','11.27',75),(111244,'2008-04-01','10.18',75),(111245,'2008-03-01','9.41',75),(111246,'2008-02-01','8.54',75),(111247,'2008-01-01','7.99',75),(111248,'2007-12-01','7.11',75),(111249,'2007-11-01','7.10',75),(111250,'2007-10-01','6.74',75),(111251,'2007-09-01','6.08',75),(111252,'2007-08-01','6.22',75),(111253,'2007-07-01','6.22',75),(111254,'2007-06-01','7.35',75),(111255,'2007-05-01','7.64',75),(111256,'2007-04-01','7.60',75),(111257,'2007-03-01','7.11',75),(111258,'2007-02-01','8.00',75),(111259,'2007-01-01','6.55',75),(111260,'2006-12-01','6.73',75),(111261,'2006-11-01','7.41',75),(111262,'2006-10-01','5.85',75),(111263,'2006-09-01','4.90',75),(111264,'2006-08-01','7.14',75),(111265,'2006-07-01','6.17',75),(111266,'2006-06-01','6.21',75),(111267,'2006-05-01','6.25',75),(111268,'2006-04-01','7.16',75),(111269,'2006-03-01','6.89',75),(111270,'2006-02-01','7.54',75),(111271,'2006-01-01','8.69',75),(111272,'2005-12-01','13.05',75),(111273,'2005-11-01','10.30',75),(111274,'2005-10-01','13.42',75),(111275,'2005-09-01','11.75',75),(111276,'2005-08-01','9.53',75),(111277,'2005-07-01','7.63',75),(111278,'2005-06-01','7.18',75),(111279,'2005-05-01','6.47',75),(111280,'2005-04-01','7.16',75),(111281,'2005-03-01','6.96',75),(111282,'2005-02-01','6.14',75),(111283,'2005-01-01','6.15',75),(111284,'2004-12-01','6.58',75),(111285,'2004-11-01','6.17',75),(111286,'2004-10-01','6.35',75),(111287,'2004-09-01','5.15',75),(111288,'2004-08-01','5.41',75),(111289,'2004-07-01','5.93',75),(111290,'2004-06-01','6.27',75),(111291,'2004-05-01','6.33',75),(111292,'2004-04-01','5.71',75),(111293,'2004-03-01','5.39',75),(111294,'2004-02-01','5.37',75),(111295,'2004-01-01','6.14',75),(111296,'2003-12-01','6.13',75),(111297,'2003-11-01','4.47',75),(111298,'2003-10-01','4.63',75),(111299,'2003-09-01','4.62',75),(111300,'2003-08-01','4.99',75),(111301,'2003-07-01','5.03',75),(111302,'2003-06-01','5.82',75),(111303,'2003-05-01','5.81',75),(111304,'2003-04-01','5.26',75),(111305,'2003-03-01','5.93',75),(111306,'2003-02-01','7.71',75),(111307,'2003-01-01','5.43',75),(111308,'2002-12-01','4.74',75),(111309,'2002-11-01','4.04',75),(111310,'2002-10-01','4.13',75),(111311,'2002-09-01','3.55',75),(111312,'2002-08-01','3.09',75),(111313,'2002-07-01','2.99',75),(111314,'2002-06-01','3.26',75),(111315,'2002-05-01','3.50',75),(111316,'2002-04-01','3.43',75),(111317,'2002-03-01','3.03',75),(111318,'2002-02-01','2.32',75),(111319,'2002-01-01','2.32',75),(111320,'2001-12-01','2.30',75),(111321,'2001-11-01','2.34',75),(111322,'2001-10-01','2.46',75),(111323,'2001-09-01','2.19',75),(111324,'2001-08-01','2.97',75),(111325,'2001-07-01','3.11',75),(111326,'2001-06-01','3.72',75),(111327,'2001-05-01','4.19',75),(111328,'2001-04-01','5.19',75),(111329,'2001-03-01','5.23',75),(111330,'2001-02-01','5.61',75),(111331,'2001-01-01','8.17',75),(111332,'2000-12-01','8.90',75),(111333,'2000-11-01','5.52',75),(111334,'2000-10-01','5.02',75),(111335,'2000-09-01','5.06',75),(111336,'2000-08-01','4.43',75),(111337,'2000-07-01','3.99',75),(111338,'2000-06-01','4.29',75),(111339,'2000-05-01','3.59',75),(111340,'2000-04-01','3.04',75),(111341,'2000-03-01','2.79',75),(111342,'2000-02-01','2.66',75),(111343,'2000-01-01','2.42',75),(111344,'1999-12-01','2.36',75),(111345,'1999-11-01','2.37',75),(111346,'1999-10-01','2.73',75),(111347,'1999-09-01','2.55',75),(111348,'1999-08-01','2.80',75),(111349,'1999-07-01','2.31',75),(111350,'1999-06-01','2.30',75),(111351,'1999-05-01','2.26',75),(111352,'1999-04-01','2.15',75),(111353,'1999-03-01','1.79',75),(111354,'1999-02-01','1.77',75),(111355,'1999-01-01','1.85',75),(111356,'1998-12-01','1.72',75),(111357,'1998-11-01','2.12',75),(111358,'1998-10-01','1.91',75),(111359,'1998-09-01','2.02',75),(111360,'1998-08-01','1.85',75),(111361,'1998-07-01','2.17',75),(111362,'1998-06-01','2.17',75),(111363,'1998-05-01','2.14',75),(111364,'1998-04-01','2.43',75),(111365,'1998-03-01','2.24',75),(111366,'1998-02-01','2.23',75),(111367,'1998-01-01','2.09',75),(111368,'1997-12-01','2.35',75),(111369,'1997-11-01','3.01',75),(111370,'1997-10-01','3.07',75),(111371,'1997-09-01','2.88',75),(111372,'1997-08-01','2.49',75),(111373,'1997-07-01','2.19',75),(111374,'1997-06-01','2.20',75),(111375,'1997-05-01','2.25',75),(111376,'1997-04-01','2.03',75),(111377,'1997-03-01','1.89',75),(111378,'1997-02-01','2.15',75),(111379,'1997-01-01','3.45',75),(111380,'2023-10-01','90.6',76),(111381,'2023-09-01','93.72',76),(111382,'2023-08-01','86.15',76),(111383,'2023-07-01','80.11',76),(111384,'2023-06-01','74.84',76),(111385,'2023-05-01','75.47',76),(111386,'2023-04-01','84.64',76),(111387,'2023-03-01','78.43',76),(111388,'2023-02-01','82.59',76),(111389,'2023-01-01','82.5',76),(111390,'2022-12-01','80.92',76),(111391,'2022-11-01','91.42',76),(111392,'2022-10-01','93.33',76),(111393,'2022-09-01','89.76',76),(111394,'2022-08-01','100.45',76),(111395,'2022-07-01','111.93',76),(111396,'2022-06-01','122.71',76),(111397,'2022-05-01','113.34',76),(111398,'2022-04-01','104.58',76),(111399,'2022-03-01','117.25',76),(111400,'2022-02-01','97.13',76),(111401,'2022-01-01','86.51',76),(111402,'2021-12-01','74.17',76),(111403,'2021-11-01','81.05',76),(111404,'2021-10-01','83.54',76),(111405,'2021-09-01','74.49',76),(111406,'2021-08-01','70.75',76),(111407,'2021-07-01','75.17',76),(111408,'2021-06-01','73.16',76),(111409,'2021-05-01','68.53',76),(111410,'2021-04-01','64.81',76),(111411,'2021-03-01','65.41',76),(111412,'2021-02-01','62.28',76),(111413,'2021-01-01','54.77',76),(111414,'2020-12-01','49.99',76),(111415,'2020-11-01','42.69',76),(111416,'2020-10-01','40.19',76),(111417,'2020-09-01','40.91',76),(111418,'2020-08-01','44.74',76),(111419,'2020-07-01','43.24',76),(111420,'2020-06-01','40.27',76),(111421,'2020-05-01','29.38',76),(111422,'2020-04-01','18.38',76),(111423,'2020-03-01','32.01',76),(111424,'2020-02-01','55.66',76),(111425,'2020-01-01','63.65',76),(111426,'2019-12-01','67.31',76),(111427,'2019-11-01','63.21',76),(111428,'2019-10-01','59.71',76),(111429,'2019-09-01','62.83',76),(111430,'2019-08-01','59.04',76),(111431,'2019-07-01','63.92',76),(111432,'2019-06-01','64.22',76),(111433,'2019-05-01','71.32',76),(111434,'2019-04-01','71.23',76),(111435,'2019-03-01','66.14',76),(111436,'2019-02-01','63.96',76),(111437,'2019-01-01','59.41',76),(111438,'2018-12-01','57.36',76),(111439,'2018-11-01','64.75',76),(111440,'2018-10-01','81.03',76),(111441,'2018-09-01','78.89',76),(111442,'2018-08-01','72.53',76),(111443,'2018-07-01','74.25',76),(111444,'2018-06-01','74.41',76),(111445,'2018-05-01','76.98',76),(111446,'2018-04-01','72.11',76),(111447,'2018-03-01','66.02',76),(111448,'2018-02-01','65.32',76),(111449,'2018-01-01','69.08',76),(111450,'2017-12-01','64.37',76),(111451,'2017-11-01','62.71',76),(111452,'2017-10-01','57.51',76),(111453,'2017-09-01','56.15',76),(111454,'2017-08-01','51.70',76),(111455,'2017-07-01','48.48',76),(111456,'2017-06-01','46.37',76),(111457,'2017-05-01','50.33',76),(111458,'2017-04-01','52.31',76),(111459,'2017-03-01','51.59',76),(111460,'2017-02-01','54.87',76),(111461,'2017-01-01','54.58',76),(111462,'2016-12-01','53.31',76),(111463,'2016-11-01','44.73',76),(111464,'2016-10-01','49.52',76),(111465,'2016-09-01','46.57',76),(111466,'2016-08-01','45.84',76),(111467,'2016-07-01','44.95',76),(111468,'2016-06-01','48.25',76),(111469,'2016-05-01','46.74',76),(111470,'2016-04-01','41.58',76),(111471,'2016-03-01','38.21',76),(111472,'2016-02-01','32.18',76),(111473,'2016-01-01','30.70',76),(111474,'2015-12-01','38.01',76),(111475,'2015-11-01','44.27',76),(111476,'2015-10-01','48.43',76),(111477,'2015-09-01','47.62',76),(111478,'2015-08-01','46.52',76),(111479,'2015-07-01','56.56',76),(111480,'2015-06-01','61.48',76),(111481,'2015-05-01','64.08',76),(111482,'2015-04-01','59.52',76),(111483,'2015-03-01','55.89',76),(111484,'2015-02-01','58.10',76),(111485,'2015-01-01','47.76',76),(111486,'2014-12-01','62.34',76),(111487,'2014-11-01','79.44',76),(111488,'2014-10-01','87.43',76),(111489,'2014-09-01','97.09',76),(111490,'2014-08-01','101.61',76),(111491,'2014-07-01','106.77',76),(111492,'2014-06-01','111.80',76),(111493,'2014-05-01','109.54',76),(111494,'2014-04-01','107.76',76),(111495,'2014-03-01','107.48',76),(111496,'2014-02-01','108.90',76),(111497,'2014-01-01','108.12',76),(111498,'2013-12-01','110.76',76),(111499,'2013-11-01','107.79',76),(111500,'2013-10-01','109.08',76),(111501,'2013-09-01','111.60',76),(111502,'2013-08-01','111.28',76),(111503,'2013-07-01','107.93',76),(111504,'2013-06-01','102.92',76),(111505,'2013-05-01','102.56',76),(111506,'2013-04-01','102.25',76),(111507,'2013-03-01','108.47',76),(111508,'2013-02-01','116.05',76),(111509,'2013-01-01','112.96',76),(111510,'2012-12-01','109.49',76),(111511,'2012-11-01','109.06',76),(111512,'2012-10-01','111.71',76),(111513,'2012-09-01','112.86',76),(111514,'2012-08-01','113.36',76),(111515,'2012-07-01','102.62',76),(111516,'2012-06-01','95.16',76),(111517,'2012-05-01','110.34',76),(111518,'2012-04-01','119.75',76),(111519,'2012-03-01','125.45',76),(111520,'2012-02-01','119.33',76),(111521,'2012-01-01','110.69',76),(111522,'2011-12-01','107.87',76),(111523,'2011-11-01','110.77',76),(111524,'2011-10-01','109.55',76),(111525,'2011-09-01','112.83',76),(111526,'2011-08-01','110.22',76),(111527,'2011-07-01','116.97',76),(111528,'2011-06-01','113.83',76),(111529,'2011-05-01','114.99',76),(111530,'2011-04-01','123.26',76),(111531,'2011-03-01','114.64',76),(111532,'2011-02-01','103.72',76),(111533,'2011-01-01','96.52',76),(111534,'2010-12-01','91.45',76),(111535,'2010-11-01','85.28',76),(111536,'2010-10-01','82.67',76),(111537,'2010-09-01','77.84',76),(111538,'2010-08-01','77.04',76),(111539,'2010-07-01','75.58',76),(111540,'2010-06-01','74.76',76),(111541,'2010-05-01','75.95',76),(111542,'2010-04-01','84.82',76),(111543,'2010-03-01','78.83',76),(111544,'2010-02-01','73.75',76),(111545,'2010-01-01','76.17',76),(111546,'2009-12-01','74.46',76),(111547,'2009-11-01','76.66',76),(111548,'2009-10-01','72.77',76),(111549,'2009-09-01','67.65',76),(111550,'2009-08-01','72.51',76),(111551,'2009-07-01','64.44',76),(111552,'2009-06-01','68.61',76),(111553,'2009-05-01','57.30',76),(111554,'2009-04-01','50.18',76),(111555,'2009-03-01','46.54',76),(111556,'2009-02-01','43.32',76),(111557,'2009-01-01','43.44',76),(111558,'2008-12-01','39.95',76),(111559,'2008-11-01','52.45',76),(111560,'2008-10-01','71.58',76),(111561,'2008-09-01','97.23',76),(111562,'2008-08-01','113.24',76),(111563,'2008-07-01','132.72',76),(111564,'2008-06-01','132.32',76),(111565,'2008-05-01','122.80',76),(111566,'2008-04-01','109.07',76),(111567,'2008-03-01','103.64',76),(111568,'2008-02-01','94.99',76),(111569,'2008-01-01','92.18',76),(111570,'2007-12-01','90.93',76),(111571,'2007-11-01','92.41',76),(111572,'2007-10-01','82.34',76),(111573,'2007-09-01','77.17',76),(111574,'2007-08-01','70.76',76),(111575,'2007-07-01','76.93',76),(111576,'2007-06-01','71.05',76),(111577,'2007-05-01','67.21',76),(111578,'2007-04-01','67.49',76),(111579,'2007-03-01','62.05',76),(111580,'2007-02-01','57.56',76),(111581,'2007-01-01','53.68',76),(111582,'2006-12-01','62.47',76),(111583,'2006-11-01','58.76',76),(111584,'2006-10-01','57.81',76),(111585,'2006-09-01','61.96',76),(111586,'2006-08-01','73.23',76),(111587,'2006-07-01','73.67',76),(111588,'2006-06-01','68.56',76),(111589,'2006-05-01','69.78',76),(111590,'2006-04-01','70.26',76),(111591,'2006-03-01','62.06',76),(111592,'2006-02-01','60.21',76),(111593,'2006-01-01','62.99',76),(111594,'2005-12-01','56.86',76),(111595,'2005-11-01','55.24',76),(111596,'2005-10-01','58.54',76),(111597,'2005-09-01','62.91',76),(111598,'2005-08-01','63.98',76),(111599,'2005-07-01','57.52',76),(111600,'2005-06-01','54.35',76),(111601,'2005-05-01','48.65',76),(111602,'2005-04-01','51.88',76),(111603,'2005-03-01','53.10',76),(111604,'2005-02-01','45.48',76),(111605,'2005-01-01','44.51',76),(111606,'2004-12-01','39.60',76),(111607,'2004-11-01','43.11',76),(111608,'2004-10-01','49.78',76),(111609,'2004-09-01','43.20',76),(111610,'2004-08-01','42.74',76),(111611,'2004-07-01','38.22',76),(111612,'2004-06-01','35.18',76),(111613,'2004-05-01','37.57',76),(111614,'2004-04-01','33.59',76),(111615,'2004-03-01','33.63',76),(111616,'2004-02-01','30.86',76),(111617,'2004-01-01','31.28',76),(111618,'2003-12-01','29.81',76),(111619,'2003-11-01','28.75',76),(111620,'2003-10-01','29.61',76),(111621,'2003-09-01','27.11',76),(111622,'2003-08-01','29.89',76),(111623,'2003-07-01','28.35',76),(111624,'2003-06-01','27.65',76),(111625,'2003-05-01','25.86',76),(111626,'2003-04-01','25.00',76),(111627,'2003-03-01','30.61',76),(111628,'2003-02-01','32.77',76),(111629,'2003-01-01','31.18',76),(111630,'2002-12-01','28.33',76),(111631,'2002-11-01','24.34',76),(111632,'2002-10-01','27.54',76),(111633,'2002-09-01','28.40',76),(111634,'2002-08-01','26.65',76),(111635,'2002-07-01','25.74',76),(111636,'2002-06-01','24.08',76),(111637,'2002-05-01','25.35',76),(111638,'2002-04-01','25.73',76),(111639,'2002-03-01','23.70',76),(111640,'2002-02-01','20.28',76),(111641,'2002-01-01','19.42',76),(111642,'2001-12-01','18.71',76),(111643,'2001-11-01','18.80',76),(111644,'2001-10-01','20.54',76),(111645,'2001-09-01','25.62',76),(111646,'2001-08-01','25.68',76),(111647,'2001-07-01','24.61',76),(111648,'2001-06-01','27.85',76),(111649,'2001-05-01','28.31',76),(111650,'2001-04-01','25.66',76),(111651,'2001-03-01','24.50',76),(111652,'2001-02-01','27.50',76),(111653,'2001-01-01','25.62',76),(111654,'2000-12-01','25.66',76),(111655,'2000-11-01','32.55',76),(111656,'2000-10-01','30.96',76),(111657,'2000-09-01','33.14',76),(111658,'2000-08-01','30.20',76),(111659,'2000-07-01','28.68',76),(111660,'2000-06-01','29.80',76),(111661,'2000-05-01','27.74',76),(111662,'2000-04-01','22.76',76),(111663,'2000-03-01','27.49',76),(111664,'2000-02-01','27.78',76),(111665,'2000-01-01','25.51',76),(111666,'1999-12-01','25.47',76),(111667,'1999-11-01','24.58',76),(111668,'1999-10-01','22.00',76),(111669,'1999-09-01','22.54',76),(111670,'1999-08-01','20.22',76),(111671,'1999-07-01','19.08',76),(111672,'1999-06-01','15.86',76),(111673,'1999-05-01','15.23',76),(111674,'1999-04-01','15.29',76),(111675,'1999-03-01','12.51',76),(111676,'1999-02-01','10.27',76),(111677,'1999-01-01','11.11',76),(111678,'1998-12-01','9.82',76),(111679,'1998-11-01','11.04',76),(111680,'1998-10-01','12.70',76),(111681,'1998-09-01','13.34',76),(111682,'1998-08-01','11.91',76),(111683,'1998-07-01','12.08',76),(111684,'1998-06-01','12.21',76),(111685,'1998-05-01','14.36',76),(111686,'1998-04-01','13.53',76),(111687,'1998-03-01','13.10',76),(111688,'1998-02-01','14.07',76),(111689,'1998-01-01','15.19',76),(111690,'1997-12-01','17.18',76),(111691,'1997-11-01','19.17',76),(111692,'1997-10-01','19.87',76),(111693,'1997-09-01','18.46',76),(111694,'1997-08-01','18.60',76),(111695,'1997-07-01','18.46',76),(111696,'1997-06-01','17.58',76),(111697,'1997-05-01','19.02',76),(111698,'1997-04-01','17.56',76),(111699,'1997-03-01','19.13',76),(111700,'1997-02-01','20.85',76),(111701,'1997-01-01','23.54',76),(111702,'1996-12-01','23.78',76),(111703,'1996-11-01','22.76',76),(111704,'1996-10-01','24.16',76),(111705,'1996-09-01','22.63',76),(111706,'1996-08-01','20.51',76),(111707,'1996-07-01','19.57',76),(111708,'1996-06-01','18.46',76),(111709,'1996-05-01','19.15',76),(111710,'1996-04-01','20.90',76),(111711,'1996-03-01','19.85',76),(111712,'1996-02-01','18.00',76),(111713,'1996-01-01','17.85',76),(111714,'1995-12-01','17.93',76),(111715,'1995-11-01','16.86',76),(111716,'1995-10-01','16.11',76),(111717,'1995-09-01','16.70',76),(111718,'1995-08-01','16.10',76),(111719,'1995-07-01','15.85',76),(111720,'1995-06-01','17.31',76),(111721,'1995-05-01','18.35',76),(111722,'1995-04-01','18.65',76),(111723,'1995-03-01','17.01',76),(111724,'1995-02-01','17.11',76),(111725,'1995-01-01','16.55',76),(111726,'1994-12-01','15.93',76),(111727,'1994-11-01','17.19',76),(111728,'1994-10-01','16.49',76),(111729,'1994-09-01','15.90',76),(111730,'1994-08-01','16.89',76),(111731,'1994-07-01','17.60',76),(111732,'1994-06-01','16.76',76),(111733,'1994-05-01','16.19',76),(111734,'1994-04-01','15.23',76),(111735,'1994-03-01','13.82',76),(111736,'1994-02-01','13.80',76),(111737,'1994-01-01','14.29',76),(111738,'1993-12-01','13.73',76),(111739,'1993-11-01','15.20',76),(111740,'1993-10-01','16.61',76),(111741,'1993-09-01','16.01',76),(111742,'1993-08-01','16.70',76),(111743,'1993-07-01','16.78',76),(111744,'1993-06-01','17.65',76),(111745,'1993-05-01','18.51',76),(111746,'1993-04-01','18.67',76),(111747,'1993-03-01','18.79',76),(111748,'1993-02-01','18.47',76),(111749,'1993-01-01','17.39',76),(111750,'1992-12-01','18.14',76),(111751,'1992-11-01','19.21',76),(111752,'1992-10-01','20.26',76),(111753,'1992-09-01','20.27',76),(111754,'1992-08-01','19.74',76),(111755,'1992-07-01','20.24',76),(111756,'1992-06-01','21.16',76),(111757,'1992-05-01','19.89',76),(111758,'1992-04-01','18.92',76),(111759,'1992-03-01','17.63',76),(111760,'1992-02-01','18.05',76),(111761,'1992-01-01','18.16',76),(111762,'1991-12-01','18.41',76),(111763,'1991-11-01','21.11',76),(111764,'1991-10-01','22.21',76),(111765,'1991-09-01','20.50',76),(111766,'1991-08-01','19.77',76),(111767,'1991-07-01','19.40',76),(111768,'1991-06-01','18.17',76),(111769,'1991-05-01','19.19',76),(111770,'1991-04-01','19.18',76),(111771,'1991-03-01','19.08',76),(111772,'1991-02-01','19.54',76),(111773,'1991-01-01','23.57',76),(111774,'1990-12-01','28.27',76),(111775,'1990-11-01','33.07',76),(111776,'1990-10-01','36.02',76),(111777,'1990-09-01','34.90',76),(111778,'1990-08-01','27.17',76),(111779,'1990-07-01','17.17',76),(111780,'1990-06-01','15.10',76),(111781,'1990-05-01','16.35',76),(111782,'1990-04-01','16.61',76),(111783,'1990-03-01','18.39',76),(111784,'1990-02-01','19.81',76),(111785,'1990-01-01','21.25',76),(111786,'1989-12-01','19.84',76),(111787,'1989-11-01','18.73',76),(111788,'1989-10-01','18.91',76),(111789,'1989-09-01','17.77',76),(111790,'1989-08-01','16.77',76),(111791,'1989-07-01','17.62',76),(111792,'1989-06-01','17.67',76),(111793,'1989-05-01','18.63',76),(111794,'1989-04-01','20.32',76),(111795,'1989-03-01','18.70',76),(111796,'1989-02-01','16.89',76),(111797,'1989-01-01','17.17',76),(111798,'1988-12-01','15.31',76),(111799,'1988-11-01','13.02',76),(111800,'1988-10-01','12.41',76),(111801,'1988-09-01','13.18',76),(111802,'1988-08-01','14.89',76),(111803,'1988-07-01','14.91',76),(111804,'1988-06-01','15.54',76),(111805,'1988-05-01','16.31',76),(111806,'1988-04-01','16.60',76),(111807,'1988-03-01','14.73',76),(111808,'1988-02-01','15.73',76),(111809,'1988-01-01','16.75',76),(111810,'1987-12-01','17.05',76),(111811,'1987-11-01','17.78',76),(111812,'1987-10-01','18.76',76),(111813,'1987-09-01','18.31',76),(111814,'1987-08-01','18.98',76),(111815,'1987-07-01','19.86',76),(111816,'1987-06-01','18.86',76),(111817,'1987-05-01','18.58',76);
/*!40000 ALTER TABLE `data_point` ENABLE KEYS */;
UNLOCK TABLES;

--
-- Table structure for table `forecasts`
--

DROP TABLE IF EXISTS `forecasts`;
/*!40101 SET @saved_cs_client     = @@character_set_client */;
/*!50503 SET character_set_client = utf8mb4 */;
CREATE TABLE `forecasts` (
  `id` int NOT NULL AUTO_INCREMENT,
  `commodity_id` int DEFAULT NULL,
  `forecast_date` datetime DEFAULT NULL,
  `forecast_value` float DEFAULT NULL,
  PRIMARY KEY (`id`)
) ENGINE=InnoDB AUTO_INCREMENT=14525 DEFAULT CHARSET=utf8mb4 COLLATE=utf8mb4_0900_ai_ci;
/*!40101 SET character_set_client = @saved_cs_client */;

--
-- Dumping data for table `forecasts`
--

LOCK TABLES `forecasts` WRITE;
/*!40000 ALTER TABLE `forecasts` DISABLE KEYS */;
INSERT INTO `forecasts` VALUES (14465,72,'2023-11-01 00:00:00',7855.25),(14466,72,'2023-12-01 00:00:00',7806.1),(14467,72,'2024-01-01 00:00:00',7788.45),(14468,72,'2024-02-01 00:00:00',7785.39),(14469,72,'2024-03-01 00:00:00',7764.47),(14470,72,'2024-04-01 00:00:00',7705.51),(14471,72,'2024-05-01 00:00:00',7647.92),(14472,72,'2024-06-01 00:00:00',7653.41),(14473,72,'2024-07-01 00:00:00',7724.67),(14474,72,'2024-08-01 00:00:00',7754.4),(14475,72,'2024-09-01 00:00:00',7739.64),(14476,72,'2024-10-01 00:00:00',7586.06),(14477,73,'2023-11-01 00:00:00',2159.44),(14478,73,'2023-12-01 00:00:00',2159.06),(14479,73,'2024-01-01 00:00:00',2176.26),(14480,73,'2024-02-01 00:00:00',2162.9),(14481,73,'2024-03-01 00:00:00',2143.65),(14482,73,'2024-04-01 00:00:00',2124.54),(14483,73,'2024-05-01 00:00:00',2073.75),(14484,73,'2024-06-01 00:00:00',2042.79),(14485,73,'2024-07-01 00:00:00',2060.88),(14486,73,'2024-08-01 00:00:00',2088.18),(14487,73,'2024-09-01 00:00:00',2080.03),(14488,73,'2024-10-01 00:00:00',2071.59),(14489,74,'2023-11-01 00:00:00',216.068),(14490,74,'2023-12-01 00:00:00',218.251),(14491,74,'2024-01-01 00:00:00',218.913),(14492,74,'2024-02-01 00:00:00',221.219),(14493,74,'2024-03-01 00:00:00',220.791),(14494,74,'2024-04-01 00:00:00',220.507),(14495,74,'2024-05-01 00:00:00',223.552),(14496,74,'2024-06-01 00:00:00',218.852),(14497,74,'2024-07-01 00:00:00',216.425),(14498,74,'2024-08-01 00:00:00',215.936),(14499,74,'2024-09-01 00:00:00',216.935),(14500,74,'2024-10-01 00:00:00',217.901),(14501,75,'2023-11-01 00:00:00',2.92641),(14502,75,'2023-12-01 00:00:00',3.20178),(14503,75,'2024-01-01 00:00:00',2.96823),(14504,75,'2024-02-01 00:00:00',2.88527),(14505,75,'2024-03-01 00:00:00',2.63527),(14506,75,'2024-04-01 00:00:00',2.77119),(14507,75,'2024-05-01 00:00:00',2.89008),(14508,75,'2024-06-01 00:00:00',2.98748),(14509,75,'2024-07-01 00:00:00',2.80933),(14510,75,'2024-08-01 00:00:00',2.85192),(14511,75,'2024-09-01 00:00:00',2.81747),(14512,75,'2024-10-01 00:00:00',2.95858),(14513,76,'2023-11-01 00:00:00',89.1701),(14514,76,'2023-12-01 00:00:00',87.9188),(14515,76,'2024-01-01 00:00:00',88.5026),(14516,76,'2024-02-01 00:00:00',89.6455),(14517,76,'2024-03-01 00:00:00',90.7033),(14518,76,'2024-04-01 00:00:00',91.3696),(14519,76,'2024-05-01 00:00:00',92.2392),(14520,76,'2024-06-01 00:00:00',92.6752),(14521,76,'2024-07-01 00:00:00',93.2716),(14522,76,'2024-08-01 00:00:00',93.0134),(14523,76,'2024-09-01 00:00:00',93.024),(14524,76,'2024-10-01 00:00:00',92.5996);
/*!40000 ALTER TABLE `forecasts` ENABLE KEYS */;
UNLOCK TABLES;
/*!40103 SET TIME_ZONE=@OLD_TIME_ZONE */;

/*!40101 SET SQL_MODE=@OLD_SQL_MODE */;
/*!40014 SET FOREIGN_KEY_CHECKS=@OLD_FOREIGN_KEY_CHECKS */;
/*!40014 SET UNIQUE_CHECKS=@OLD_UNIQUE_CHECKS */;
/*!40101 SET CHARACTER_SET_CLIENT=@OLD_CHARACTER_SET_CLIENT */;
/*!40101 SET CHARACTER_SET_RESULTS=@OLD_CHARACTER_SET_RESULTS */;
/*!40101 SET COLLATION_CONNECTION=@OLD_COLLATION_CONNECTION */;
/*!40111 SET SQL_NOTES=@OLD_SQL_NOTES */;

-- Dump completed on 2023-11-19 17:47:17
